First Name	Last Name	Email	Campus	ID
Cannon	Hendrix	Cannon.Hendrix@yahoo.com	Auckland, Wellington, Christchurch	100
Zhuri	Chambers	Zhuri.Chambers@yahoo.com	Auckland, Wellington, Christchurch	101
Orion	Beasley	Orion.Beasley@yahoo.com	Auckland, Wellington, Christchurch	102
Jaylah	Fleming	Jaylah.Fleming@yahoo.com	Auckland, Wellington, Christchurch	103
Fernando	Andersen	Fernando.Andersen@yahoo.com	Auckland, Wellington, Christchurch	104
Zoie	Watkins	Zoie.Watkins@yahoo.com	Auckland, Wellington, Christchurch	105
Nash	Hammond	Nash.Hammond@yahoo.com	Auckland, Wellington, Christchurch	106
Holly	Ballard	Holly.Ballard@yahoo.com	Auckland, Wellington, Christchurch	107
Kenzo	Hebert	Kenzo.Hebert@yahoo.com	Auckland, Wellington, Christchurch	108
Kyleigh	Bernard	Kyleigh.Bernard@yahoo.com	Auckland, Wellington, Christchurch	109
Jair	Farrell	Jair.Farrell@yahoo.com	Auckland, Wellington, Christchurch	110
Kassidy	Ward	Kassidy.Ward@yahoo.com	Auckland, Wellington, Christchurch	111
Jameson	Francis	Jameson.Francis@yahoo.com	Auckland, Wellington, Christchurch	112
Daniella	McDowell	Daniella.McDowell@yahoo.com	Auckland, Wellington, Christchurch	113
Lachlan	Avila	Lachlan.Avila@yahoo.com	Auckland, Wellington, Christchurch	114
Amiyah	Lee	Amiyah.Lee@yahoo.com	Auckland, Wellington, Christchurch	115
Jack	Chambers	Jack.Chambers@yahoo.com	Auckland, Wellington, Christchurch	116
Makayla	Cano	Makayla.Cano@yahoo.com	Auckland, Wellington, Christchurch	117
Terry	Kim	Terry.Kim@yahoo.com	Auckland, Wellington, Christchurch	118
Gabriella	Foley	Gabriella.Foley@yahoo.com	Auckland, Wellington, Christchurch	119
Mohammad	Wilcox	Mohammad.Wilcox@yahoo.com	Auckland, Wellington, Christchurch	120
Ashlyn	Bond	Ashlyn.Bond@yahoo.com	Auckland, Wellington, Christchurch	121
Roger	Watts	Roger.Watts@yahoo.com	Auckland, Wellington, Christchurch	122
Melissa	Everett	Melissa.Everett@yahoo.com	Auckland, Wellington, Christchurch	123
Camilo	Edwards	Camilo.Edwards@yahoo.com	Auckland, Wellington, Christchurch	124
Ivy	Randolph	Ivy.Randolph@yahoo.com	Auckland, Wellington, Christchurch	125
Eugene	Crosby	Eugene.Crosby@yahoo.com	Auckland, Wellington, Christchurch	126
Keily	Haley	Keily.Haley@yahoo.com	Auckland, Wellington, Christchurch	127
Leif	Marin	Leif.Marin@yahoo.com	Auckland, Wellington, Christchurch	128
Celia	English	Celia.English@yahoo.com	Auckland, Wellington, Christchurch	129
Junior	McClure	Junior.McClure@yahoo.com	Auckland, Wellington, Christchurch	130
Estella	O’Connell	Estella.O’Connell@yahoo.com	Auckland, Wellington, Christchurch	131
Jovanni	Day	Jovanni.Day@yahoo.com	Auckland, Wellington, Christchurch	132
Hayden	Rich	Hayden.Rich@yahoo.com	Auckland, Wellington, Christchurch	133
Miller	Calderon	Miller.Calderon@yahoo.com	Auckland, Wellington, Christchurch	134
Serena	Bautista	Serena.Bautista@yahoo.com	Auckland, Wellington, Christchurch	135
Raul	Schmitt	Raul.Schmitt@yahoo.com	Auckland, Wellington, Christchurch	136
Queen	Hamilton	Queen.Hamilton@yahoo.com	Auckland, Wellington, Christchurch	137
Jason	Hudson	Jason.Hudson@yahoo.com	Auckland, Wellington, Christchurch	138
Kamila	Murphy	Kamila.Murphy@yahoo.com	Auckland, Wellington, Christchurch	139
Cameron	Reyes	Cameron.Reyes@yahoo.com	Auckland, Wellington, Christchurch	140
Audrey	Cantu	Audrey.Cantu@yahoo.com	Auckland, Wellington, Christchurch	141
Anakin	Arias	Anakin.Arias@yahoo.com	Auckland, Wellington, Christchurch	142
Aleah	Turner	Aleah.Turner@yahoo.com	Auckland, Wellington, Christchurch	143
Joshua	Wilcox	Joshua.Wilcox@yahoo.com	Auckland, Wellington, Christchurch	144
Ashlyn	Sierra	Ashlyn.Sierra@yahoo.com	Auckland, Wellington, Christchurch	145
Dayton	McKinney	Dayton.McKinney@yahoo.com	Auckland, Wellington, Christchurch	146
Gwendolyn	Harvey	Gwendolyn.Harvey@yahoo.com	Auckland, Wellington, Christchurch	147
Cayden	Acosta	Cayden.Acosta@yahoo.com	Auckland, Wellington, Christchurch	148
Kaia	Mullen	Kaia.Mullen@yahoo.com	Auckland, Wellington, Christchurch	149
Shepard	Welch	Shepard.Welch@yahoo.com	Auckland, Wellington, Christchurch	150
Amira	Conway	Amira.Conway@yahoo.com	Auckland, Wellington, Christchurch	151
Orlando	Miller	Orlando.Miller@yahoo.com	Auckland, Wellington, Christchurch	152
Isabella	Yoder	Isabella.Yoder@yahoo.com	Auckland, Wellington, Christchurch	153
Johan	Sutton	Johan.Sutton@yahoo.com	Auckland, Wellington, Christchurch	154
Izabella	Little	Izabella.Little@yahoo.com	Auckland, Wellington, Christchurch	155
Lennox	Patterson	Lennox.Patterson@yahoo.com	Auckland, Wellington, Christchurch	156
Kaylee	Blankenship	Kaylee.Blankenship@yahoo.com	Auckland, Wellington, Christchurch	157
Ernesto	Aguilar	Ernesto.Aguilar@yahoo.com	Auckland, Wellington, Christchurch	158
Josie	Jacobs	Josie.Jacobs@yahoo.com	Auckland, Wellington, Christchurch	159
Bryan	Barton	Bryan.Barton@yahoo.com	Auckland, Wellington, Christchurch	160
Danna	Compton	Danna.Compton@yahoo.com	Auckland, Wellington, Christchurch	161
Abner	Ramirez	Abner.Ramirez@yahoo.com	Auckland, Wellington, Christchurch	162
Grace	Marquez	Grace.Marquez@yahoo.com	Auckland, Wellington, Christchurch	163
Malakai	Beck	Malakai.Beck@yahoo.com	Auckland, Wellington, Christchurch	164
Gia	Truong	Gia.Truong@yahoo.com	Auckland, Wellington, Christchurch	165
Ayan	Swanson	Ayan.Swanson@yahoo.com	Auckland, Wellington, Christchurch	166
Helen	Patton	Helen.Patton@yahoo.com	Auckland, Wellington, Christchurch	167
Moises	Pitts	Moises.Pitts@yahoo.com	Auckland, Wellington, Christchurch	168
Nala	Ramos	Nala.Ramos@yahoo.com	Auckland, Wellington, Christchurch	169
Angel	Mullen	Angel.Mullen@yahoo.com	Auckland, Wellington, Christchurch	170
Shay	Parra	Shay.Parra@yahoo.com	Auckland, Wellington, Christchurch	171
Davion	Lindsey	Davion.Lindsey@yahoo.com	Auckland, Wellington, Christchurch	172
Colette	Reese	Colette.Reese@yahoo.com	Auckland, Wellington, Christchurch	173
Alijah	Lugo	Alijah.Lugo@yahoo.com	Auckland, Wellington, Christchurch	174
Kaylie	York	Kaylie.York@yahoo.com	Auckland, Wellington, Christchurch	175
Leandro	Norton	Leandro.Norton@yahoo.com	Auckland, Wellington, Christchurch	176
Kylee	Ayala	Kylee.Ayala@yahoo.com	Auckland, Wellington, Christchurch	177
Tanner	Scott	Tanner.Scott@yahoo.com	Auckland, Wellington, Christchurch	178
Aurora	Person	Aurora.Person@yahoo.com	Auckland, Wellington, Christchurch	179
Moses	Jennings	Moses.Jennings@yahoo.com	Auckland, Wellington, Christchurch	180
Palmer	Russo	Palmer.Russo@yahoo.com	Auckland, Wellington, Christchurch	181
Jamie	Guevara	Jamie.Guevara@yahoo.com	Auckland, Wellington, Christchurch	182
Teresa	Burns	Teresa.Burns@yahoo.com	Auckland, Wellington, Christchurch	183
August	Harmon	August.Harmon@yahoo.com	Auckland, Wellington, Christchurch	184
Maren	Hutchinson	Maren.Hutchinson@yahoo.com	Auckland, Wellington, Christchurch	185
Korbin	Alfaro	Korbin.Alfaro@yahoo.com	Auckland, Wellington, Christchurch	186
Yasmin	Tate	Yasmin.Tate@yahoo.com	Auckland, Wellington, Christchurch	187
Dalton	Bennett	Dalton.Bennett@yahoo.com	Auckland, Wellington, Christchurch	188
Josephine	Vo	Josephine.Vo@yahoo.com	Auckland, Wellington, Christchurch	189
Gordon	Molina	Gordon.Molina@yahoo.com	Auckland, Wellington, Christchurch	190
Alexandria	Hardin	Alexandria.Hardin@yahoo.com	Auckland, Wellington, Christchurch	191
Hassan	Dominguez	Hassan.Dominguez@yahoo.com	Auckland, Wellington, Christchurch	192
Raegan	Stuart	Raegan.Stuart@yahoo.com	Auckland, Wellington, Christchurch	193
Dion	Greene	Dion.Greene@yahoo.com	Auckland, Wellington, Christchurch	194
Selena	Castaneda	Selena.Castaneda@yahoo.com	Auckland, Wellington, Christchurch	195
Collin	Berry	Collin.Berry@yahoo.com	Auckland, Wellington, Christchurch	196
Annabelle	Chase	Annabelle.Chase@yahoo.com	Auckland, Wellington, Christchurch	197
Otis	Tapia	Otis.Tapia@yahoo.com	Auckland, Wellington, Christchurch	198
Michaela	Tyler	Michaela.Tyler@yahoo.com	Auckland, Wellington, Christchurch	199
Emmitt	Alexander	Emmitt.Alexander@yahoo.com	Auckland, Wellington, Christchurch	200
Lyla	Thornton	Lyla.Thornton@yahoo.com	Auckland, Wellington, Christchurch	201
Malik	Trujillo	Malik.Trujillo@yahoo.com	Auckland, Wellington, Christchurch	202
Danielle	Rosales	Danielle.Rosales@yahoo.com	Auckland, Wellington, Christchurch	203
Wilder	McCarty	Wilder.McCarty@yahoo.com	Auckland, Wellington, Christchurch	204
Halo	Hinton	Halo.Hinton@yahoo.com	Auckland, Wellington, Christchurch	205
Frankie	Bowman	Frankie.Bowman@yahoo.com	Auckland, Wellington, Christchurch	206
Fiona	Brennan	Fiona.Brennan@yahoo.com	Auckland, Wellington, Christchurch	207
Curtis	Heath	Curtis.Heath@yahoo.com	Auckland, Wellington, Christchurch	208
Amani	York	Amani.York@yahoo.com	Auckland, Wellington, Christchurch	209
Leandro	Rogers	Leandro.Rogers@yahoo.com	Auckland, Wellington, Christchurch	210
Madelyn	Cardenas	Madelyn.Cardenas@yahoo.com	Auckland, Wellington, Christchurch	211
Johnathan	Daugherty	Johnathan.Daugherty@yahoo.com	Auckland, Wellington, Christchurch	212
Magdalena	Ingram	Magdalena.Ingram@yahoo.com	Auckland, Wellington, Christchurch	213
Tripp	Curry	Tripp.Curry@yahoo.com	Auckland, Wellington, Christchurch	214
Alison	Moore	Alison.Moore@yahoo.com	Auckland, Wellington, Christchurch	215
Levi	Roberson	Levi.Roberson@yahoo.com	Auckland, Wellington, Christchurch	216
Sasha	Arias	Sasha.Arias@yahoo.com	Auckland, Wellington, Christchurch	217
Alec	Giles	Alec.Giles@yahoo.com	Auckland, Wellington, Christchurch	218
Bailee	Conrad	Bailee.Conrad@yahoo.com	Auckland, Wellington, Christchurch	219
Dilan	Wilkerson	Dilan.Wilkerson@yahoo.com	Auckland, Wellington, Christchurch	220
Janiyah	Small	Janiyah.Small@yahoo.com	Auckland, Wellington, Christchurch	221
Rudy	Todd	Rudy.Todd@yahoo.com	Auckland, Wellington, Christchurch	222
Zariah	Haley	Zariah.Haley@yahoo.com	Auckland, Wellington, Christchurch	223
Leif	Le	Leif.Le@yahoo.com	Auckland, Wellington, Christchurch	224
Myla	Ponce	Myla.Ponce@yahoo.com	Auckland, Wellington, Christchurch	225
Langston	Vega	Langston.Vega@yahoo.com	Auckland, Wellington, Christchurch	226
Dakota	Thompson	Dakota.Thompson@yahoo.com	Auckland, Wellington, Christchurch	227
Theodore	Fernandez	Theodore.Fernandez@yahoo.com	Auckland, Wellington, Christchurch	228
Amara	Fuentes	Amara.Fuentes@yahoo.com	Auckland, Wellington, Christchurch	229
Bowen	Villa	Bowen.Villa@yahoo.com	Auckland, Wellington, Christchurch	230
Johanna	Short	Johanna.Short@yahoo.com	Auckland, Wellington, Christchurch	231
Hezekiah	Terrell	Hezekiah.Terrell@yahoo.com	Auckland, Wellington, Christchurch	232
Paityn	Soto	Paityn.Soto@yahoo.com	Auckland, Wellington, Christchurch	233
Barrett	Andrade	Barrett.Andrade@yahoo.com	Auckland, Wellington, Christchurch	234
Emmy	Roy	Emmy.Roy@yahoo.com	Auckland, Wellington, Christchurch	235
Marcelo	Eaton	Marcelo.Eaton@yahoo.com	Auckland, Wellington, Christchurch	236
Miley	McConnell	Miley.McConnell@yahoo.com	Auckland, Wellington, Christchurch	237
London	Randolph	London.Randolph@yahoo.com	Auckland, Wellington, Christchurch	238
Kailey	Walls	Kailey.Walls@yahoo.com	Auckland, Wellington, Christchurch	239
Larry	Nunez	Larry.Nunez@yahoo.com	Auckland, Wellington, Christchurch	240
Mya	Trejo	Mya.Trejo@yahoo.com	Auckland, Wellington, Christchurch	241
Wesson	Schmitt	Wesson.Schmitt@yahoo.com	Auckland, Wellington, Christchurch	242
Queen	O’brien	Queen.O’brien@yahoo.com	Auckland, Wellington, Christchurch	243
Riley	McConnell	Riley.McConnell@yahoo.com	Auckland, Wellington, Christchurch	244
Denise	McKenzie	Denise.McKenzie@yahoo.com	Auckland, Wellington, Christchurch	245
Scott	Reyna	Scott.Reyna@yahoo.com	Auckland, Wellington, Christchurch	246
Luella	Orr	Luella.Orr@yahoo.com	Auckland, Wellington, Christchurch	247
Benicio	Vincent	Benicio.Vincent@yahoo.com	Auckland, Wellington, Christchurch	248
Allyson	Decker	Allyson.Decker@yahoo.com	Auckland, Wellington, Christchurch	249
Taylor	Vaughn	Taylor.Vaughn@yahoo.com	Auckland, Wellington, Christchurch	250
Reign	Davenport	Reign.Davenport@yahoo.com	Auckland, Wellington, Christchurch	251
Dariel	Beck	Dariel.Beck@yahoo.com	Auckland, Wellington, Christchurch	252
Gia	Hansen	Gia.Hansen@yahoo.com	Auckland, Wellington, Christchurch	253
Charlie	Arias	Charlie.Arias@yahoo.com	Auckland, Wellington, Christchurch	254
Aleah	Proctor	Aleah.Proctor@yahoo.com	Auckland, Wellington, Christchurch	255
Vance	James	Vance.James@yahoo.com	Auckland, Wellington, Christchurch	256
Quinn	Vu	Quinn.Vu@yahoo.com	Auckland, Wellington, Christchurch	257
Kamdyn	Brooks	Kamdyn.Brooks@yahoo.com	Auckland, Wellington, Christchurch	258
Autumn	Richards	Autumn.Richards@yahoo.com	Auckland, Wellington, Christchurch	259
Holden	Larson	Holden.Larson@yahoo.com	Auckland, Wellington, Christchurch	260
Alayna	Peralta	Alayna.Peralta@yahoo.com	Auckland, Wellington, Christchurch	261
Dangelo	Mosley	Dangelo.Mosley@yahoo.com	Auckland, Wellington, Christchurch	262
Zaniyah	Bruce	Zaniyah.Bruce@yahoo.com	Auckland, Wellington, Christchurch	263
Uriah	Ortiz	Uriah.Ortiz@yahoo.com	Auckland, Wellington, Christchurch	264
Anna	Villalobos	Anna.Villalobos@yahoo.com	Auckland, Wellington, Christchurch	265
Reuben	Sexton	Reuben.Sexton@yahoo.com	Auckland, Wellington, Christchurch	266
Ellen	Fuller	Ellen.Fuller@yahoo.com	Auckland, Wellington, Christchurch	267
Andre	Hensley	Andre.Hensley@yahoo.com	Auckland, Wellington, Christchurch	268
Malaya	French	Malaya.French@yahoo.com	Auckland, Wellington, Christchurch	269
Corey	Thornton	Corey.Thornton@yahoo.com	Auckland, Wellington, Christchurch	270
Haisley	Rhodes	Haisley.Rhodes@yahoo.com	Auckland, Wellington, Christchurch	271
Titus	McLaughlin	Titus.McLaughlin@yahoo.com	Auckland, Wellington, Christchurch	272
Stephanie	Leal	Stephanie.Leal@yahoo.com	Auckland, Wellington, Christchurch	273
Cedric	Everett	Cedric.Everett@yahoo.com	Auckland, Wellington, Christchurch	274
Noah	Wilson	Noah.Wilson@yahoo.com	Auckland, Wellington, Christchurch	275
Daniel	Nelson	Daniel.Nelson@yahoo.com	Auckland, Wellington, Christchurch	276
Everly	McFarland	Everly.McFarland@yahoo.com	Auckland, Wellington, Christchurch	277
Dane	Pace	Dane.Pace@yahoo.com	Auckland, Wellington, Christchurch	278
Giana	Gonzalez	Giana.Gonzalez@yahoo.com	Auckland, Wellington, Christchurch	279
Ethan	Jarvis	Ethan.Jarvis@yahoo.com	Auckland, Wellington, Christchurch	280
Elisabeth	Charles	Elisabeth.Charles@yahoo.com	Auckland, Wellington, Christchurch	281
Conrad	Rush	Conrad.Rush@yahoo.com	Auckland, Wellington, Christchurch	282
Maleah	Melton	Maleah.Melton@yahoo.com	Auckland, Wellington, Christchurch	283
Lennon	Jenkins	Lennon.Jenkins@yahoo.com	Auckland, Wellington, Christchurch	284
Rylee	Alvarado	Rylee.Alvarado@yahoo.com	Auckland, Wellington, Christchurch	285
Andres	Ashley	Andres.Ashley@yahoo.com	Auckland, Wellington, Christchurch	286
Khalani	Gallegos	Khalani.Gallegos@yahoo.com	Auckland, Wellington, Christchurch	287
Jonas	Webb	Jonas.Webb@yahoo.com	Auckland, Wellington, Christchurch	288
Ariella	Madden	Ariella.Madden@yahoo.com	Auckland, Wellington, Christchurch	289
Everest	Hardin	Everest.Hardin@yahoo.com	Auckland, Wellington, Christchurch	290
Vada	Decker	Vada.Decker@yahoo.com	Auckland, Wellington, Christchurch	291
Taylor	Bender	Taylor.Bender@yahoo.com	Auckland, Wellington, Christchurch	292
Lilyana	Lane	Lilyana.Lane@yahoo.com	Auckland, Wellington, Christchurch	293
Matias	Bailey	Matias.Bailey@yahoo.com	Auckland, Wellington, Christchurch	294
Kennedy	Vasquez	Kennedy.Vasquez@yahoo.com	Auckland, Wellington, Christchurch	295
Rowan	Garrett	Rowan.Garrett@yahoo.com	Auckland, Wellington, Christchurch	296
Tessa	McKay	Tessa.McKay@yahoo.com	Auckland, Wellington, Christchurch	297
Joey	Short	Joey.Short@yahoo.com	Auckland, Wellington, Christchurch	298
Cheyenne	Wolf	Cheyenne.Wolf@yahoo.com	Auckland, Wellington, Christchurch	299
Jase	Mosley	Jase.Mosley@yahoo.com	Auckland, Wellington, Christchurch	300
Zaniyah	Mays	Zaniyah.Mays@yahoo.com	Auckland, Wellington, Christchurch	301
Jadiel	Savage	Jadiel.Savage@yahoo.com	Auckland, Wellington, Christchurch	302
Louise	Horn	Louise.Horn@yahoo.com	Auckland, Wellington, Christchurch	303
Wilson	Parks	Wilson.Parks@yahoo.com	Auckland, Wellington, Christchurch	304
Ainsley	Petersen	Ainsley.Petersen@yahoo.com	Auckland, Wellington, Christchurch	305
Samson	Valdez	Samson.Valdez@yahoo.com	Auckland, Wellington, Christchurch	306
Diana	Booth	Diana.Booth@yahoo.com	Auckland, Wellington, Christchurch	307
Chaim	Nichols	Chaim.Nichols@yahoo.com	Auckland, Wellington, Christchurch	308
Aliyah	King	Aliyah.King@yahoo.com	Auckland, Wellington, Christchurch	309
Julian	Rowland	Julian.Rowland@yahoo.com	Auckland, Wellington, Christchurch	310
Harleigh	Mills	Harleigh.Mills@yahoo.com	Auckland, Wellington, Christchurch	311
Alex	Duke	Alex.Duke@yahoo.com	Auckland, Wellington, Christchurch	312
Melani	Tang	Melani.Tang@yahoo.com	Auckland, Wellington, Christchurch	313
Rogelio	Munoz	Rogelio.Munoz@yahoo.com	Auckland, Wellington, Christchurch	314
Kehlani	Terrell	Kehlani.Terrell@yahoo.com	Auckland, Wellington, Christchurch	315
Jaxen	Brock	Jaxen.Brock@yahoo.com	Auckland, Wellington, Christchurch	316
Jada	Erickson	Jada.Erickson@yahoo.com	Auckland, Wellington, Christchurch	317
Johnny	Winters	Johnny.Winters@yahoo.com	Auckland, Wellington, Christchurch	318
Kataleya	Bowers	Kataleya.Bowers@yahoo.com	Auckland, Wellington, Christchurch	319
Dorian	Solis	Dorian.Solis@yahoo.com	Auckland, Wellington, Christchurch	320
Miracle	Foster	Miracle.Foster@yahoo.com	Auckland, Wellington, Christchurch	321
Kayden	Bonilla	Kayden.Bonilla@yahoo.com	Auckland, Wellington, Christchurch	322
Romina	Stephenson	Romina.Stephenson@yahoo.com	Auckland, Wellington, Christchurch	323
Joe	Kramer	Joe.Kramer@yahoo.com	Auckland, Wellington, Christchurch	324
Hanna	Wang	Hanna.Wang@yahoo.com	Auckland, Wellington, Christchurch	325
Cohen	Higgins	Cohen.Higgins@yahoo.com	Auckland, Wellington, Christchurch	326
Leighton	Palmer	Leighton.Palmer@yahoo.com	Auckland, Wellington, Christchurch	327
Theo	Owen	Theo.Owen@yahoo.com	Auckland, Wellington, Christchurch	328
Mikayla	McDaniel	Mikayla.McDaniel@yahoo.com	Auckland, Wellington, Christchurch	329
Major	Cuevas	Major.Cuevas@yahoo.com	Auckland, Wellington, Christchurch	330
Adele	Boyle	Adele.Boyle@yahoo.com	Auckland, Wellington, Christchurch	331
Robin	Anderson	Robin.Anderson@yahoo.com	Auckland, Wellington, Christchurch	332
Ella	Potter	Ella.Potter@yahoo.com	Auckland, Wellington, Christchurch	333
Lucca	Wiley	Lucca.Wiley@yahoo.com	Auckland, Wellington, Christchurch	334
Lauryn	Ingram	Lauryn.Ingram@yahoo.com	Auckland, Wellington, Christchurch	335
Tripp	Leon	Tripp.Leon@yahoo.com	Auckland, Wellington, Christchurch	336
Amora	Nunez	Amora.Nunez@yahoo.com	Auckland, Wellington, Christchurch	337
Caden	Lloyd	Caden.Lloyd@yahoo.com	Auckland, Wellington, Christchurch	338
Emely	Taylor	Emely.Taylor@yahoo.com	Auckland, Wellington, Christchurch	339
Jackson	Perkins	Jackson.Perkins@yahoo.com	Auckland, Wellington, Christchurch	340
Sage	Mann	Sage.Mann@yahoo.com	Auckland, Wellington, Christchurch	341
Nehemiah	Hamilton	Nehemiah.Hamilton@yahoo.com	Auckland, Wellington, Christchurch	342
Mackenzie	Wu	Mackenzie.Wu@yahoo.com	Auckland, Wellington, Christchurch	343
Kyson	Pruitt	Kyson.Pruitt@yahoo.com	Auckland, Wellington, Christchurch	344
Brylee	Lamb	Brylee.Lamb@yahoo.com	Auckland, Wellington, Christchurch	345
Kaysen	Morgan	Kaysen.Morgan@yahoo.com	Auckland, Wellington, Christchurch	346
Delilah	Glass	Delilah.Glass@yahoo.com	Auckland, Wellington, Christchurch	347
Allan	Hahn	Allan.Hahn@yahoo.com	Auckland, Wellington, Christchurch	348
Fallon	Blankenship	Fallon.Blankenship@yahoo.com	Auckland, Wellington, Christchurch	349
Ernesto	Ramsey	Ernesto.Ramsey@yahoo.com	Auckland, Wellington, Christchurch	350
Lyric	McDowell	Lyric.McDowell@yahoo.com	Auckland, Wellington, Christchurch	351
Lachlan	Wilcox	Lachlan.Wilcox@yahoo.com	Auckland, Wellington, Christchurch	352
Ashlyn	Blankenship	Ashlyn.Blankenship@yahoo.com	Auckland, Wellington, Christchurch	353
Ernesto	Pearson	Ernesto.Pearson@yahoo.com	Auckland, Wellington, Christchurch	354
Kiara	Lu	Kiara.Lu@yahoo.com	Auckland, Wellington, Christchurch	355
Duncan	Huber	Duncan.Huber@yahoo.com	Auckland, Wellington, Christchurch	356
Raquel	Hardin	Raquel.Hardin@yahoo.com	Auckland, Wellington, Christchurch	357
Hassan	Lam	Hassan.Lam@yahoo.com	Auckland, Wellington, Christchurch	358
Karina	Horton	Karina.Horton@yahoo.com	Auckland, Wellington, Christchurch	359
Garrett	Martinez	Garrett.Martinez@yahoo.com	Auckland, Wellington, Christchurch	360
Harper	Rubio	Harper.Rubio@yahoo.com	Auckland, Wellington, Christchurch	361
Titan	Zimmerman	Titan.Zimmerman@yahoo.com	Auckland, Wellington, Christchurch	362
Ariyah	Castaneda	Ariyah.Castaneda@yahoo.com	Auckland, Wellington, Christchurch	363
Collin	Conley	Collin.Conley@yahoo.com	Auckland, Wellington, Christchurch	364
Salem	Horton	Salem.Horton@yahoo.com	Auckland, Wellington, Christchurch	365
Garrett	Nichols	Garrett.Nichols@yahoo.com	Auckland, Wellington, Christchurch	366
Aliyah	Whitney	Aliyah.Whitney@yahoo.com	Auckland, Wellington, Christchurch	367
Jeffery	Cardenas	Jeffery.Cardenas@yahoo.com	Auckland, Wellington, Christchurch	368
Raven	Pierce	Raven.Pierce@yahoo.com	Auckland, Wellington, Christchurch	369
Nicolas	Hardy	Nicolas.Hardy@yahoo.com	Auckland, Wellington, Christchurch	370
Jessica	Wiggins	Jessica.Wiggins@yahoo.com	Auckland, Wellington, Christchurch	371
Azariah	Jacobson	Azariah.Jacobson@yahoo.com	Auckland, Wellington, Christchurch	372
Royal	Moses	Royal.Moses@yahoo.com	Auckland, Wellington, Christchurch	373
Niklaus	Joseph	Niklaus.Joseph@yahoo.com	Auckland, Wellington, Christchurch	374
Gracelynn	Morrow	Gracelynn.Morrow@yahoo.com	Auckland, Wellington, Christchurch	375
Kyree	Curtis	Kyree.Curtis@yahoo.com	Auckland, Wellington, Christchurch	376
Alexis	Pacheco	Alexis.Pacheco@yahoo.com	Auckland, Wellington, Christchurch	377
Erik	Hale	Erik.Hale@yahoo.com	Auckland, Wellington, Christchurch	378
Brinley	Hurley	Brinley.Hurley@yahoo.com	Auckland, Wellington, Christchurch	379
Van	Booker	Van.Booker@yahoo.com	Auckland, Wellington, Christchurch	380
Nataly	Barr	Nataly.Barr@yahoo.com	Auckland, Wellington, Christchurch	381
Harley	Klein	Harley.Klein@yahoo.com	Auckland, Wellington, Christchurch	382
Elianna	Hernandez	Elianna.Hernandez@yahoo.com	Auckland, Wellington, Christchurch	383
Mason	Gardner	Mason.Gardner@yahoo.com	Auckland, Wellington, Christchurch	384
Jordyn	Grimes	Jordyn.Grimes@yahoo.com	Auckland, Wellington, Christchurch	385
Harlan	Gillespie	Harlan.Gillespie@yahoo.com	Auckland, Wellington, Christchurch	386
Alianna	Hancock	Alianna.Hancock@yahoo.com	Auckland, Wellington, Christchurch	387
Rex	Mendoza	Rex.Mendoza@yahoo.com	Auckland, Wellington, Christchurch	388
Cora	Person	Cora.Person@yahoo.com	Auckland, Wellington, Christchurch	389
Moses	Patton	Moses.Patton@yahoo.com	Auckland, Wellington, Christchurch	390
Lorelei	Hill	Lorelei.Hill@yahoo.com	Auckland, Wellington, Christchurch	391
Isaac	Bruce	Isaac.Bruce@yahoo.com	Auckland, Wellington, Christchurch	392
Marilyn	Pennington	Marilyn.Pennington@yahoo.com	Auckland, Wellington, Christchurch	393
Bobby	Suarez	Bobby.Suarez@yahoo.com	Auckland, Wellington, Christchurch	394
Jimena	Adkins	Jimena.Adkins@yahoo.com	Auckland, Wellington, Christchurch	395
Kylo	Harrison	Kylo.Harrison@yahoo.com	Auckland, Wellington, Christchurch	396
Jasmine	Lugo	Jasmine.Lugo@yahoo.com	Auckland, Wellington, Christchurch	397
Santos	Flores	Santos.Flores@yahoo.com	Auckland, Wellington, Christchurch	398
Emilia	Marks	Emilia.Marks@yahoo.com	Auckland, Wellington, Christchurch	399
Amos	Rollins	Amos.Rollins@yahoo.com	Auckland, Wellington, Christchurch	400
Araceli	Webster	Araceli.Webster@yahoo.com	Auckland, Wellington, Christchurch	401
Shawn	Medrano	Shawn.Medrano@yahoo.com	Auckland, Wellington, Christchurch	402
Halle	Small	Halle.Small@yahoo.com	Auckland, Wellington, Christchurch	403
Rudy	Hopkins	Rudy.Hopkins@yahoo.com	Auckland, Wellington, Christchurch	404
Gabriela	Flynn	Gabriela.Flynn@yahoo.com	Auckland, Wellington, Christchurch	405
Kannon	Guerra	Kannon.Guerra@yahoo.com	Auckland, Wellington, Christchurch	406
Edith	Clayton	Edith.Clayton@yahoo.com	Auckland, Wellington, Christchurch	407
Boston	Holmes	Boston.Holmes@yahoo.com	Auckland, Wellington, Christchurch	408
Bailey	Ramirez	Bailey.Ramirez@yahoo.com	Auckland, Wellington, Christchurch	409
David	Schaefer	David.Schaefer@yahoo.com	Auckland, Wellington, Christchurch	410
Mavis	Mercado	Mavis.Mercado@yahoo.com	Auckland, Wellington, Christchurch	411
Abram	Huang	Abram.Huang@yahoo.com	Auckland, Wellington, Christchurch	412
Francesca	Chung	Francesca.Chung@yahoo.com	Auckland, Wellington, Christchurch	413
Ira	Grant	Ira.Grant@yahoo.com	Auckland, Wellington, Christchurch	414
Alaina	Tanner	Alaina.Tanner@yahoo.com	Auckland, Wellington, Christchurch	415
Bruno	Bentley	Bruno.Bentley@yahoo.com	Auckland, Wellington, Christchurch	416
Jaylin	Lester	Jaylin.Lester@yahoo.com	Auckland, Wellington, Christchurch	417
Lee	Campbell	Lee.Campbell@yahoo.com	Auckland, Wellington, Christchurch	418
Addison	Peck	Addison.Peck@yahoo.com	Auckland, Wellington, Christchurch	419
Yousef	Frank	Yousef.Frank@yahoo.com	Auckland, Wellington, Christchurch	420
Dior	Walton	Dior.Walton@yahoo.com	Auckland, Wellington, Christchurch	421
Dominick	Little	Dominick.Little@yahoo.com	Auckland, Wellington, Christchurch	422
Harley	Reynolds	Harley.Reynolds@yahoo.com	Auckland, Wellington, Christchurch	423
Vincent	Mitchell	Vincent.Mitchell@yahoo.com	Auckland, Wellington, Christchurch	424
Willow	Nelson	Willow.Nelson@yahoo.com	Auckland, Wellington, Christchurch	425
Dylan	Velasquez	Dylan.Velasquez@yahoo.com	Auckland, Wellington, Christchurch	426
Esme	Leonard	Esme.Leonard@yahoo.com	Auckland, Wellington, Christchurch	427
Ricardo	Melendez	Ricardo.Melendez@yahoo.com	Auckland, Wellington, Christchurch	428
Bethany	Castillo	Bethany.Castillo@yahoo.com	Auckland, Wellington, Christchurch	429
Kai	Berry	Kai.Berry@yahoo.com	Auckland, Wellington, Christchurch	430
Annabelle	Sparks	Annabelle.Sparks@yahoo.com	Auckland, Wellington, Christchurch	431
Drake	Shah	Drake.Shah@yahoo.com	Auckland, Wellington, Christchurch	432
Angelica	Robbins	Angelica.Robbins@yahoo.com	Auckland, Wellington, Christchurch	433
Finnegan	Nicholson	Finnegan.Nicholson@yahoo.com	Auckland, Wellington, Christchurch	434
Justice	Brewer	Justice.Brewer@yahoo.com	Auckland, Wellington, Christchurch	435
Cruz	Weeks	Cruz.Weeks@yahoo.com	Auckland, Wellington, Christchurch	436
Karen	Person	Karen.Person@yahoo.com	Auckland, Wellington, Christchurch	437
Moses	Nelson	Moses.Nelson@yahoo.com	Auckland, Wellington, Christchurch	438
Everly	Hines	Everly.Hines@yahoo.com	Auckland, Wellington, Christchurch	439
Uriel	Perez	Uriel.Perez@yahoo.com	Auckland, Wellington, Christchurch	440
Eleanor	Jarvis	Eleanor.Jarvis@yahoo.com	Auckland, Wellington, Christchurch	441
Marlon	Saunders	Marlon.Saunders@yahoo.com	Auckland, Wellington, Christchurch	442
Meadow	Graves	Meadow.Graves@yahoo.com	Auckland, Wellington, Christchurch	443
Cesar	Landry	Cesar.Landry@yahoo.com	Auckland, Wellington, Christchurch	444
Brynleigh	Sweeney	Brynleigh.Sweeney@yahoo.com	Auckland, Wellington, Christchurch	445
Nixon	Richardson	Nixon.Richardson@yahoo.com	Auckland, Wellington, Christchurch	446
Allison	Robertson	Allison.Robertson@yahoo.com	Auckland, Wellington, Christchurch	447
Emiliano	Krueger	Emiliano.Krueger@yahoo.com	Auckland, Wellington, Christchurch	448
Kamari	Lucas	Kamari.Lucas@yahoo.com	Auckland, Wellington, Christchurch	449
Chance	Copeland	Chance.Copeland@yahoo.com	Auckland, Wellington, Christchurch	450
Dayana	Wright	Dayana.Wright@yahoo.com	Auckland, Wellington, Christchurch	451
Grayson	Clements	Grayson.Clements@yahoo.com	Auckland, Wellington, Christchurch	452
Cara	Stafford	Cara.Stafford@yahoo.com	Auckland, Wellington, Christchurch	453
Alfredo	Maynard	Alfredo.Maynard@yahoo.com	Auckland, Wellington, Christchurch	454
Carolyn	Cross	Carolyn.Cross@yahoo.com	Auckland, Wellington, Christchurch	455
Fabian	Pittman	Fabian.Pittman@yahoo.com	Auckland, Wellington, Christchurch	456
Marie	Boyd	Marie.Boyd@yahoo.com	Auckland, Wellington, Christchurch	457
Dean	Lindsey	Dean.Lindsey@yahoo.com	Auckland, Wellington, Christchurch	458
Colette	Harrison	Colette.Harrison@yahoo.com	Auckland, Wellington, Christchurch	459
Gavin	Hopkins	Gavin.Hopkins@yahoo.com	Auckland, Wellington, Christchurch	460
Gabriela	Moses	Gabriela.Moses@yahoo.com	Auckland, Wellington, Christchurch	461
Niklaus	Williamson	Niklaus.Williamson@yahoo.com	Auckland, Wellington, Christchurch	462
Catherine	Johns	Catherine.Johns@yahoo.com	Auckland, Wellington, Christchurch	463
Joziah	Reese	Joziah.Reese@yahoo.com	Auckland, Wellington, Christchurch	464
Rosemary	Horton	Rosemary.Horton@yahoo.com	Auckland, Wellington, Christchurch	465
Garrett	Winters	Garrett.Winters@yahoo.com	Auckland, Wellington, Christchurch	466
Kataleya	Booth	Kataleya.Booth@yahoo.com	Auckland, Wellington, Christchurch	467
Chaim	Kent	Chaim.Kent@yahoo.com	Auckland, Wellington, Christchurch	468
Jazmine	Parsons	Jazmine.Parsons@yahoo.com	Auckland, Wellington, Christchurch	469
Lewis	Lawrence	Lewis.Lawrence@yahoo.com	Auckland, Wellington, Christchurch	470
Lauren	Gilmore	Lauren.Gilmore@yahoo.com	Auckland, Wellington, Christchurch	471
Vihaan	Foster	Vihaan.Foster@yahoo.com	Auckland, Wellington, Christchurch	472
Brielle	Kerr	Brielle.Kerr@yahoo.com	Auckland, Wellington, Christchurch	473
Louie	Nava	Louie.Nava@yahoo.com	Auckland, Wellington, Christchurch	474
Scout	Sims	Scout.Sims@yahoo.com	Auckland, Wellington, Christchurch	475
Brian	Ward	Brian.Ward@yahoo.com	Auckland, Wellington, Christchurch	476
Ariana	Rasmussen	Ariana.Rasmussen@yahoo.com	Auckland, Wellington, Christchurch	477
Will	Bradshaw	Will.Bradshaw@yahoo.com	Auckland, Wellington, Christchurch	478
Berkley	McCoy	Berkley.McCoy@yahoo.com	Auckland, Wellington, Christchurch	479
Jett	Fischer	Jett.Fischer@yahoo.com	Auckland, Wellington, Christchurch	480
Maci	Carson	Maci.Carson@yahoo.com	Auckland, Wellington, Christchurch	481
Ares	Murillo	Ares.Murillo@yahoo.com	Auckland, Wellington, Christchurch	482
Mikaela	Gardner	Mikaela.Gardner@yahoo.com	Auckland, Wellington, Christchurch	483
Alan	Skinner	Alan.Skinner@yahoo.com	Auckland, Wellington, Christchurch	484
Mara	Novak	Mara.Novak@yahoo.com	Auckland, Wellington, Christchurch	485
Bishop	Deleon	Bishop.Deleon@yahoo.com	Auckland, Wellington, Christchurch	486
Gabrielle	Norman	Gabrielle.Norman@yahoo.com	Auckland, Wellington, Christchurch	487
Aziel	Hall	Aziel.Hall@yahoo.com	Auckland, Wellington, Christchurch	488
Leah	Schwartz	Leah.Schwartz@yahoo.com	Auckland, Wellington, Christchurch	489
Edwin	Guerra	Edwin.Guerra@yahoo.com	Auckland, Wellington, Christchurch	490
Edith	Marsh	Edith.Marsh@yahoo.com	Auckland, Wellington, Christchurch	491
Bo	Mullins	Bo.Mullins@yahoo.com	Auckland, Wellington, Christchurch	492
Maliyah	Phan	Maliyah.Phan@yahoo.com	Auckland, Wellington, Christchurch	493
Maison	Gaines	Maison.Gaines@yahoo.com	Auckland, Wellington, Christchurch	494
Aya	Portillo	Aya.Portillo@yahoo.com	Auckland, Wellington, Christchurch	495
Wallace	McFarland	Wallace.McFarland@yahoo.com	Auckland, Wellington, Christchurch	496
Annika	Flowers	Annika.Flowers@yahoo.com	Auckland, Wellington, Christchurch	497
Saul	Ray	Saul.Ray@yahoo.com	Auckland, Wellington, Christchurch	498
Ruth	Fitzgerald	Ruth.Fitzgerald@yahoo.com	Auckland, Wellington, Christchurch	499
Peyton	Colon	Peyton.Colon@yahoo.com	Auckland, Wellington, Christchurch	500
Remy	Ellison	Remy.Ellison@yahoo.com	Auckland, Wellington, Christchurch	501
Kye	Rivas	Kye.Rivas@yahoo.com	Auckland, Wellington, Christchurch	502
Averie	Berg	Averie.Berg@yahoo.com	Auckland, Wellington, Christchurch	503
Cayson	Nava	Cayson.Nava@yahoo.com	Auckland, Wellington, Christchurch	504
Scout	Norman	Scout.Norman@yahoo.com	Auckland, Wellington, Christchurch	505
Aziel	David	Aziel.David@yahoo.com	Auckland, Wellington, Christchurch	506
Haylee	Savage	Haylee.Savage@yahoo.com	Auckland, Wellington, Christchurch	507
Keaton	Bautista	Keaton.Bautista@yahoo.com	Auckland, Wellington, Christchurch	508
Antonella	McLean	Antonella.McLean@yahoo.com	Auckland, Wellington, Christchurch	509
Crosby	Ingram	Crosby.Ingram@yahoo.com	Auckland, Wellington, Christchurch	510
Katie	Nielsen	Katie.Nielsen@yahoo.com	Auckland, Wellington, Christchurch	511
Tru	Blankenship	Tru.Blankenship@yahoo.com	Auckland, Wellington, Christchurch	512
Rosalee	Alexander	Rosalee.Alexander@yahoo.com	Auckland, Wellington, Christchurch	513
Kingston	Cisneros	Kingston.Cisneros@yahoo.com	Auckland, Wellington, Christchurch	514
Janelle	Horton	Janelle.Horton@yahoo.com	Auckland, Wellington, Christchurch	515
Garrett	Tran	Garrett.Tran@yahoo.com	Auckland, Wellington, Christchurch	516
Kylie	Cochran	Kylie.Cochran@yahoo.com	Auckland, Wellington, Christchurch	517
Danny	Hernandez	Danny.Hernandez@yahoo.com	Auckland, Wellington, Christchurch	518
Camila	Fowler	Camila.Fowler@yahoo.com	Auckland, Wellington, Christchurch	519
Kameron	Cook	Kameron.Cook@yahoo.com	Auckland, Wellington, Christchurch	520
Aaliyah	Moore	Aaliyah.Moore@yahoo.com	Auckland, Wellington, Christchurch	521
Levi	Valentine	Levi.Valentine@yahoo.com	Auckland, Wellington, Christchurch	522
August	James	August.James@yahoo.com	Auckland, Wellington, Christchurch	523
Jaxson	Sellers	Jaxson.Sellers@yahoo.com	Auckland, Wellington, Christchurch	524
Mercy	Newton	Mercy.Newton@yahoo.com	Auckland, Wellington, Christchurch	525
Santino	Whitney	Santino.Whitney@yahoo.com	Auckland, Wellington, Christchurch	526
Madalynn	Stafford	Madalynn.Stafford@yahoo.com	Auckland, Wellington, Christchurch	527
Alfredo	Barry	Alfredo.Barry@yahoo.com	Auckland, Wellington, Christchurch	528
Waverly	Blackwell	Waverly.Blackwell@yahoo.com	Auckland, Wellington, Christchurch	529
Marcellus	Banks	Marcellus.Banks@yahoo.com	Auckland, Wellington, Christchurch	530
Cali	Contreras	Cali.Contreras@yahoo.com	Auckland, Wellington, Christchurch	531
Emilio	McConnell	Emilio.McConnell@yahoo.com	Auckland, Wellington, Christchurch	532
Denise	Bruce	Denise.Bruce@yahoo.com	Auckland, Wellington, Christchurch	533
Uriah	Lowery	Uriah.Lowery@yahoo.com	Auckland, Wellington, Christchurch	534
Estelle	Coleman	Estelle.Coleman@yahoo.com	Auckland, Wellington, Christchurch	535
Micah	Roberts	Micah.Roberts@yahoo.com	Auckland, Wellington, Christchurch	536
Paisley	Meyer	Paisley.Meyer@yahoo.com	Auckland, Wellington, Christchurch	537
Tristan	Mack	Tristan.Mack@yahoo.com	Auckland, Wellington, Christchurch	538
Nadia	Higgins	Nadia.Higgins@yahoo.com	Auckland, Wellington, Christchurch	539
Sterling	McClure	Sterling.McClure@yahoo.com	Auckland, Wellington, Christchurch	540
Estella	Parra	Estella.Parra@yahoo.com	Auckland, Wellington, Christchurch	541
Davion	Wheeler	Davion.Wheeler@yahoo.com	Auckland, Wellington, Christchurch	542
Sydney	Guzman	Sydney.Guzman@yahoo.com	Auckland, Wellington, Christchurch	543
Jude	Lucas	Jude.Lucas@yahoo.com	Auckland, Wellington, Christchurch	544
Phoenix	Sandoval	Phoenix.Sandoval@yahoo.com	Auckland, Wellington, Christchurch	545
Brantley	Jackson	Brantley.Jackson@yahoo.com	Auckland, Wellington, Christchurch	546
Avery	McGee	Avery.McGee@yahoo.com	Auckland, Wellington, Christchurch	547
Conner	Brandt	Conner.Brandt@yahoo.com	Auckland, Wellington, Christchurch	548
Loretta	Ballard	Loretta.Ballard@yahoo.com	Auckland, Wellington, Christchurch	549
Kenzo	Short	Kenzo.Short@yahoo.com	Auckland, Wellington, Christchurch	550
Cheyenne	Sierra	Cheyenne.Sierra@yahoo.com	Auckland, Wellington, Christchurch	551
Dayton	Moreno	Dayton.Moreno@yahoo.com	Auckland, Wellington, Christchurch	552
Mary	Wiggins	Mary.Wiggins@yahoo.com	Auckland, Wellington, Christchurch	553
Azariah	Harris	Azariah.Harris@yahoo.com	Auckland, Wellington, Christchurch	554
Penelope	McLean	Penelope.McLean@yahoo.com	Auckland, Wellington, Christchurch	555
Crosby	Ponce	Crosby.Ponce@yahoo.com	Auckland, Wellington, Christchurch	556
Aileen	Moses	Aileen.Moses@yahoo.com	Auckland, Wellington, Christchurch	557
Niklaus	Shelton	Niklaus.Shelton@yahoo.com	Auckland, Wellington, Christchurch	558
Makenzie	O’brien	Makenzie.O’brien@yahoo.com	Auckland, Wellington, Christchurch	559
Riley	Harmon	Riley.Harmon@yahoo.com	Auckland, Wellington, Christchurch	560
Maren	Knox	Maren.Knox@yahoo.com	Auckland, Wellington, Christchurch	561
Valentin	Hull	Valentin.Hull@yahoo.com	Auckland, Wellington, Christchurch	562
Andi	Whitaker	Andi.Whitaker@yahoo.com	Auckland, Wellington, Christchurch	563
Keith	Hinton	Keith.Hinton@yahoo.com	Auckland, Wellington, Christchurch	564
Jaelynn	Copeland	Jaelynn.Copeland@yahoo.com	Auckland, Wellington, Christchurch	565
Axton	Fowler	Axton.Fowler@yahoo.com	Auckland, Wellington, Christchurch	566
Lennon	Estrada	Lennon.Estrada@yahoo.com	Auckland, Wellington, Christchurch	567
Phoenix	Patrick	Phoenix.Patrick@yahoo.com	Auckland, Wellington, Christchurch	568
Lyra	Kennedy	Lyra.Kennedy@yahoo.com	Auckland, Wellington, Christchurch	569
Maxwell	Simon	Maxwell.Simon@yahoo.com	Auckland, Wellington, Christchurch	570
Kalani	Patton	Kalani.Patton@yahoo.com	Auckland, Wellington, Christchurch	571
Moises	Rodgers	Moises.Rodgers@yahoo.com	Auckland, Wellington, Christchurch	572
Selah	Rasmussen	Selah.Rasmussen@yahoo.com	Auckland, Wellington, Christchurch	573
Will	Owens	Will.Owens@yahoo.com	Auckland, Wellington, Christchurch	574
Amaya	Brown	Amaya.Brown@yahoo.com	Auckland, Wellington, Christchurch	575
Elijah	Huff	Elijah.Huff@yahoo.com	Auckland, Wellington, Christchurch	576
Karsyn	Mason	Karsyn.Mason@yahoo.com	Auckland, Wellington, Christchurch	577
Brandon	Rojas	Brandon.Rojas@yahoo.com	Auckland, Wellington, Christchurch	578
Adaline	Humphrey	Adaline.Humphrey@yahoo.com	Auckland, Wellington, Christchurch	579
Krew	Reeves	Krew.Reeves@yahoo.com	Auckland, Wellington, Christchurch	580
Lana	Richards	Lana.Richards@yahoo.com	Auckland, Wellington, Christchurch	581
Holden	Castillo	Holden.Castillo@yahoo.com	Auckland, Wellington, Christchurch	582
Eva	Lynn	Eva.Lynn@yahoo.com	Auckland, Wellington, Christchurch	583
Zechariah	Francis	Zechariah.Francis@yahoo.com	Auckland, Wellington, Christchurch	584
Daniella	Elliott	Daniella.Elliott@yahoo.com	Auckland, Wellington, Christchurch	585
Blake	Berg	Blake.Berg@yahoo.com	Auckland, Wellington, Christchurch	586
Emmalyn	Stephens	Emmalyn.Stephens@yahoo.com	Auckland, Wellington, Christchurch	587
Messiah	Higgins	Messiah.Higgins@yahoo.com	Auckland, Wellington, Christchurch	588
Leighton	Carrillo	Leighton.Carrillo@yahoo.com	Auckland, Wellington, Christchurch	589
Wade	Rodgers	Wade.Rodgers@yahoo.com	Auckland, Wellington, Christchurch	590
Selah	Leon	Selah.Leon@yahoo.com	Auckland, Wellington, Christchurch	591
Marshall	Logan	Marshall.Logan@yahoo.com	Auckland, Wellington, Christchurch	592
Kora	Paul	Kora.Paul@yahoo.com	Auckland, Wellington, Christchurch	593
Noel	Parra	Noel.Parra@yahoo.com	Auckland, Wellington, Christchurch	594
Dalary	Escobar	Dalary.Escobar@yahoo.com	Auckland, Wellington, Christchurch	595
Zachariah	Hickman	Zachariah.Hickman@yahoo.com	Auckland, Wellington, Christchurch	596
Scarlette	Esparza	Scarlette.Esparza@yahoo.com	Auckland, Wellington, Christchurch	597
Carl	Glenn	Carl.Glenn@yahoo.com	Auckland, Wellington, Christchurch	598
Blaire	Frederick	Blaire.Frederick@yahoo.com	Auckland, Wellington, Christchurch	599
Kase	Wilkins	Kase.Wilkins@yahoo.com	Auckland, Wellington, Christchurch	600
