firstname,lastname,age,campus,qualification,email,id
Robert,Smith,32,Dunedin,,Robert.Smith@lecturer.whitecliffe.ac.nz,RobSmi_WHITECLIFFE
Donna,Baker,56,Wellington,,Donna.Baker@lecturer.whitecliffe.ac.nz,DonBak_WHITECLIFFE
Carolyn,Richards,20,Hamilton,,Carolyn.Richards@lecturer.whitecliffe.ac.nz,CarRic_WHITECLIFFE
Jack,Stevens,38,Auckland,,Jack.Stevens@lecturer.whitecliffe.ac.nz,JacSte_WHITECLIFFE
Heather,Bowers,38,Hamilton,,Heather.Bowers@lecturer.whitecliffe.ac.nz,HeaBow_WHITECLIFFE
Laura,Stephenson,20,Christchurch,,Laura.Stephenson@lecturer.whitecliffe.ac.nz,LauSte_WHITECLIFFE
Andrea,Boyd,25,Wellington,,Andrea.Boyd@lecturer.whitecliffe.ac.nz,AndBoy_WHITECLIFFE
Denise,King,40,Auckland,,Denise.King@lecturer.whitecliffe.ac.nz,DenKin_WHITECLIFFE
Kathleen,Brown,64,Christchurch,,Kathleen.Brown@lecturer.whitecliffe.ac.nz,KatBro_WHITECLIFFE
William,Arroyo,48,Auckland,,William.Arroyo@lecturer.whitecliffe.ac.nz,WilArr_WHITECLIFFE
Steven,James,24,Christchurch,,Steven.James@lecturer.whitecliffe.ac.nz,SteJam_WHITECLIFFE
Christopher,Hammond,62,Auckland,,Christopher.Hammond@lecturer.whitecliffe.ac.nz,ChrHam_WHITECLIFFE
Crystal,Wilkins,42,Auckland,,Crystal.Wilkins@lecturer.whitecliffe.ac.nz,CryWil_WHITECLIFFE
Amanda,Brown,55,Hamilton,,Amanda.Brown@lecturer.whitecliffe.ac.nz,AmaBro_WHITECLIFFE
Ernest,Miranda,39,Dunedin,,Ernest.Miranda@lecturer.whitecliffe.ac.nz,ErnMir_WHITECLIFFE
Matthew,Morton,50,Dunedin,,Matthew.Morton@lecturer.whitecliffe.ac.nz,MatMor_WHITECLIFFE
Christine,Sellers,35,Christchurch,,Christine.Sellers@lecturer.whitecliffe.ac.nz,ChrSel_WHITECLIFFE
Michelle,Wall,37,Auckland,,Michelle.Wall@lecturer.whitecliffe.ac.nz,MicWal_WHITECLIFFE
Shannon,Burch,42,Wellington,,Shannon.Burch@lecturer.whitecliffe.ac.nz,ShaBur_WHITECLIFFE
Nicole,Gordon,33,Dunedin,,Nicole.Gordon@lecturer.whitecliffe.ac.nz,NicGor_WHITECLIFFE
Mathew,Parker,36,Auckland,,Mathew.Parker@lecturer.whitecliffe.ac.nz,MatPar_WHITECLIFFE
Kimberly,Hamilton,47,Auckland,,Kimberly.Hamilton@lecturer.whitecliffe.ac.nz,KimHam_WHITECLIFFE
Elizabeth,Freeman,40,Auckland,,Elizabeth.Freeman@lecturer.whitecliffe.ac.nz,EliFre_WHITECLIFFE
Joseph,Hernandez,50,Auckland,,Joseph.Hernandez@lecturer.whitecliffe.ac.nz,JosHer_WHITECLIFFE
Derek,Green,30,Christchurch,,Derek.Green@lecturer.whitecliffe.ac.nz,DerGre_WHITECLIFFE
Jerry,Acosta,28,Auckland,,Jerry.Acosta@lecturer.whitecliffe.ac.nz,JerAco_WHITECLIFFE
Thomas,Paul,38,Christchurch,,Thomas.Paul@lecturer.whitecliffe.ac.nz,ThoPau_WHITECLIFFE
Melissa,Atkinson,31,Wellington,,Melissa.Atkinson@lecturer.whitecliffe.ac.nz,MelAtk_WHITECLIFFE
Monica,Lambert,23,Auckland,,Monica.Lambert@lecturer.whitecliffe.ac.nz,MonLam_WHITECLIFFE
Gregg,Hebert,22,Christchurch,,Gregg.Hebert@lecturer.whitecliffe.ac.nz,GreHeb_WHITECLIFFE
Christine,Willis,42,Wellington,,Christine.Willis@lecturer.whitecliffe.ac.nz,ChrWil_WHITECLIFFE
Lisa,Mosley,39,Auckland,,Lisa.Mosley@lecturer.whitecliffe.ac.nz,LisMos_WHITECLIFFE
Anne,Thompson,44,Auckland,,Anne.Thompson@lecturer.whitecliffe.ac.nz,AnnTho_WHITECLIFFE
Jesse,Mccoy,50,Christchurch,,Jesse.Mccoy@lecturer.whitecliffe.ac.nz,JesMcc_WHITECLIFFE
Jason,Jordan,43,Hamilton,,Jason.Jordan@lecturer.whitecliffe.ac.nz,JasJor_WHITECLIFFE
Jamie,Oconnor,50,Auckland,,Jamie.Oconnor@lecturer.whitecliffe.ac.nz,JamOco_WHITECLIFFE
Madison,Yang,25,Dunedin,,Madison.Yang@lecturer.whitecliffe.ac.nz,MadYan_WHITECLIFFE
Aaron,Campbell,30,Christchurch,,Aaron.Campbell@lecturer.whitecliffe.ac.nz,AarCam_WHITECLIFFE
Alexis,Carson,35,Wellington,,Alexis.Carson@lecturer.whitecliffe.ac.nz,AleCar_WHITECLIFFE
Joseph,Gonzalez,62,Christchurch,,Joseph.Gonzalez@lecturer.whitecliffe.ac.nz,JosGon_WHITECLIFFE
Tyler,Gordon,40,Auckland,,Tyler.Gordon@lecturer.whitecliffe.ac.nz,TylGor_WHITECLIFFE
Edwin,Green,30,Hamilton,,Edwin.Green@lecturer.whitecliffe.ac.nz,EdwGre_WHITECLIFFE
Jennifer,Avila,59,Auckland,,Jennifer.Avila@lecturer.whitecliffe.ac.nz,JenAvi_WHITECLIFFE
Traci,Wilson,44,Auckland,,Traci.Wilson@lecturer.whitecliffe.ac.nz,TraWil_WHITECLIFFE
Kenneth,Morgan,28,Auckland,,Kenneth.Morgan@lecturer.whitecliffe.ac.nz,KenMor_WHITECLIFFE
Kevin,Lewis,24,Wellington,,Kevin.Lewis@lecturer.whitecliffe.ac.nz,KevLew_WHITECLIFFE
Jamie,Keller,45,Wellington,,Jamie.Keller@lecturer.whitecliffe.ac.nz,JamKel_WHITECLIFFE
Bill,Schmidt,32,Hamilton,,Bill.Schmidt@lecturer.whitecliffe.ac.nz,BilSch_WHITECLIFFE
Veronica,Frye,25,Hamilton,,Veronica.Frye@lecturer.whitecliffe.ac.nz,VerFry_WHITECLIFFE
Alexis,Palmer,23,Christchurch,,Alexis.Palmer@lecturer.whitecliffe.ac.nz,AlePal_WHITECLIFFE
Michael,Morgan,23,Wellington,,Michael.Morgan@lecturer.whitecliffe.ac.nz,MicMor_WHITECLIFFE
Aaron,Lindsey,39,Auckland,,Aaron.Lindsey@lecturer.whitecliffe.ac.nz,AarLin_WHITECLIFFE
Karl,Turner,58,Dunedin,,Karl.Turner@lecturer.whitecliffe.ac.nz,KarTur_WHITECLIFFE
Phillip,Johnson,42,Dunedin,,Phillip.Johnson@lecturer.whitecliffe.ac.nz,PhiJoh_WHITECLIFFE
Sarah,Mckinney,20,Wellington,,Sarah.Mckinney@lecturer.whitecliffe.ac.nz,SarMck_WHITECLIFFE
Angela,Steele,27,Christchurch,,Angela.Steele@lecturer.whitecliffe.ac.nz,AngSte_WHITECLIFFE
Lisa,Smith,40,Auckland,,Lisa.Smith@lecturer.whitecliffe.ac.nz,LisSmi_WHITECLIFFE
James,Smith,49,Dunedin,,James.Smith@lecturer.whitecliffe.ac.nz,JamSmi_WHITECLIFFE
William,Martinez,27,Wellington,,William.Martinez@lecturer.whitecliffe.ac.nz,WilMar_WHITECLIFFE
Jeffrey,Benton,26,Auckland,,Jeffrey.Benton@lecturer.whitecliffe.ac.nz,JefBen_WHITECLIFFE
Samantha,Cooper,63,Auckland,,Samantha.Cooper@lecturer.whitecliffe.ac.nz,SamCoo_WHITECLIFFE
Andrew,Ortega,44,Auckland,,Andrew.Ortega@lecturer.whitecliffe.ac.nz,AndOrt_WHITECLIFFE
Ronald,White,43,Wellington,,Ronald.White@lecturer.whitecliffe.ac.nz,RonWhi_WHITECLIFFE
Michael,Hoffman,59,Auckland,,Michael.Hoffman@lecturer.whitecliffe.ac.nz,MicHof_WHITECLIFFE
Laura,Sullivan,42,Hamilton,,Laura.Sullivan@lecturer.whitecliffe.ac.nz,LauSul_WHITECLIFFE
Brianna,Bowman,21,Wellington,,Brianna.Bowman@lecturer.whitecliffe.ac.nz,BriBow_WHITECLIFFE
Ashley,Aguirre,23,Auckland,,Ashley.Aguirre@lecturer.whitecliffe.ac.nz,AshAgu_WHITECLIFFE
Cynthia,Kramer,54,Dunedin,,Cynthia.Kramer@lecturer.whitecliffe.ac.nz,CynKra_WHITECLIFFE
Harold,Davis,24,Auckland,,Harold.Davis@lecturer.whitecliffe.ac.nz,HarDav_WHITECLIFFE
Sarah,Thomas,23,Wellington,,Sarah.Thomas@lecturer.whitecliffe.ac.nz,SarTho_WHITECLIFFE
Cynthia,Ramirez,30,Hamilton,,Cynthia.Ramirez@lecturer.whitecliffe.ac.nz,CynRam_WHITECLIFFE
Natasha,Pearson,43,Auckland,,Natasha.Pearson@lecturer.whitecliffe.ac.nz,NatPea_WHITECLIFFE
Crystal,Dickson,21,Wellington,,Crystal.Dickson@lecturer.whitecliffe.ac.nz,CryDic_WHITECLIFFE
David,Smith,47,Dunedin,,David.Smith@lecturer.whitecliffe.ac.nz,DavSmi_WHITECLIFFE
Steven,Sosa,34,Auckland,,Steven.Sosa@lecturer.whitecliffe.ac.nz,SteSos_WHITECLIFFE
Angela,Mitchell,29,Wellington,,Angela.Mitchell@lecturer.whitecliffe.ac.nz,AngMit_WHITECLIFFE
Rick,Pierce,20,Hamilton,,Rick.Pierce@lecturer.whitecliffe.ac.nz,RicPie_WHITECLIFFE
Lisa,Haas,33,Wellington,,Lisa.Haas@lecturer.whitecliffe.ac.nz,LisHaa_WHITECLIFFE
Thomas,Walsh,36,Dunedin,,Thomas.Walsh@lecturer.whitecliffe.ac.nz,ThoWal_WHITECLIFFE
Michelle,Lewis,43,Auckland,,Michelle.Lewis@lecturer.whitecliffe.ac.nz,MicLew_WHITECLIFFE
Rachel,King,49,Dunedin,,Rachel.King@lecturer.whitecliffe.ac.nz,RacKin_WHITECLIFFE
Jesus,Nelson,64,Hamilton,,Jesus.Nelson@lecturer.whitecliffe.ac.nz,JesNel_WHITECLIFFE
Melvin,Clayton,24,Auckland,,Melvin.Clayton@lecturer.whitecliffe.ac.nz,MelCla_WHITECLIFFE
Brian,Zavala,22,Wellington,,Brian.Zavala@lecturer.whitecliffe.ac.nz,BriZav_WHITECLIFFE
Thomas,Sanders,30,Hamilton,,Thomas.Sanders@lecturer.whitecliffe.ac.nz,ThoSan_WHITECLIFFE
Eric,Vazquez,48,Auckland,,Eric.Vazquez@lecturer.whitecliffe.ac.nz,EriVaz_WHITECLIFFE
Tammy,Paul,20,Christchurch,,Tammy.Paul@lecturer.whitecliffe.ac.nz,TamPau_WHITECLIFFE
Jason,Thomas,45,Dunedin,,Jason.Thomas@lecturer.whitecliffe.ac.nz,JasTho_WHITECLIFFE
Ann,Phelps,35,Christchurch,,Ann.Phelps@lecturer.whitecliffe.ac.nz,AnnPhe_WHITECLIFFE
Adam,Miller,22,Wellington,,Adam.Miller@lecturer.whitecliffe.ac.nz,AdaMil_WHITECLIFFE
Stephanie,Parrish,49,Christchurch,,Stephanie.Parrish@lecturer.whitecliffe.ac.nz,StePar_WHITECLIFFE
Cindy,Wagner,30,Wellington,,Cindy.Wagner@lecturer.whitecliffe.ac.nz,CinWag_WHITECLIFFE
Jeffrey,Bauer,20,Dunedin,,Jeffrey.Bauer@lecturer.whitecliffe.ac.nz,JefBau_WHITECLIFFE
Tony,Dean,57,Wellington,,Tony.Dean@lecturer.whitecliffe.ac.nz,TonDea_WHITECLIFFE
Nathaniel,Turner,43,Christchurch,,Nathaniel.Turner@lecturer.whitecliffe.ac.nz,NatTur_WHITECLIFFE
Sharon,Carter,50,Auckland,,Sharon.Carter@lecturer.whitecliffe.ac.nz,ShaCar_WHITECLIFFE
Danielle,Wade,41,Auckland,,Danielle.Wade@lecturer.whitecliffe.ac.nz,DanWad_WHITECLIFFE
Sandra,Brown,23,Christchurch,,Sandra.Brown@lecturer.whitecliffe.ac.nz,SanBro_WHITECLIFFE
Carmen,Davis,32,Auckland,,Carmen.Davis@lecturer.whitecliffe.ac.nz,CarDav_WHITECLIFFE
Heather,Russell,30,Christchurch,,Heather.Russell@lecturer.whitecliffe.ac.nz,HeaRus_WHITECLIFFE
Dawn,Aguilar,30,Christchurch,,Dawn.Aguilar@lecturer.whitecliffe.ac.nz,DawAgu_WHITECLIFFE
Tony,Ramsey,39,Dunedin,,Tony.Ramsey@lecturer.whitecliffe.ac.nz,TonRam_WHITECLIFFE
Amanda,Daugherty,33,Hamilton,,Amanda.Daugherty@lecturer.whitecliffe.ac.nz,AmaDau_WHITECLIFFE
Thomas,Torres,43,Auckland,,Thomas.Torres@lecturer.whitecliffe.ac.nz,ThoTor_WHITECLIFFE
Erin,Salazar,39,Christchurch,,Erin.Salazar@lecturer.whitecliffe.ac.nz,EriSal_WHITECLIFFE
Holly,Curry,47,Wellington,,Holly.Curry@lecturer.whitecliffe.ac.nz,HolCur_WHITECLIFFE
James,Black,21,Christchurch,,James.Black@lecturer.whitecliffe.ac.nz,JamBla_WHITECLIFFE
Brian,Hines,32,Hamilton,,Brian.Hines@lecturer.whitecliffe.ac.nz,BriHin_WHITECLIFFE
Adrian,Obrien,47,Wellington,,Adrian.Obrien@lecturer.whitecliffe.ac.nz,AdrObr_WHITECLIFFE
Joseph,Rodriguez,25,Dunedin,,Joseph.Rodriguez@lecturer.whitecliffe.ac.nz,JosRod_WHITECLIFFE
Desiree,Jensen,65,Auckland,,Desiree.Jensen@lecturer.whitecliffe.ac.nz,DesJen_WHITECLIFFE
Hannah,Barnett,26,Christchurch,,Hannah.Barnett@lecturer.whitecliffe.ac.nz,HanBar_WHITECLIFFE
Nancy,Valencia,39,Auckland,,Nancy.Valencia@lecturer.whitecliffe.ac.nz,NanVal_WHITECLIFFE
Derek,Patel,44,Hamilton,,Derek.Patel@lecturer.whitecliffe.ac.nz,DerPat_WHITECLIFFE
Kyle,Buchanan,20,Christchurch,,Kyle.Buchanan@lecturer.whitecliffe.ac.nz,KylBuc_WHITECLIFFE
Leslie,Watson,26,Christchurch,,Leslie.Watson@lecturer.whitecliffe.ac.nz,LesWat_WHITECLIFFE
Stephanie,White,47,Auckland,,Stephanie.White@lecturer.whitecliffe.ac.nz,SteWhi_WHITECLIFFE
Bridget,Shepard,31,Auckland,,Bridget.Shepard@lecturer.whitecliffe.ac.nz,BriShe_WHITECLIFFE
Tanya,Davila,43,Wellington,,Tanya.Davila@lecturer.whitecliffe.ac.nz,TanDav_WHITECLIFFE
Scott,Sparks,32,Hamilton,,Scott.Sparks@lecturer.whitecliffe.ac.nz,ScoSpa_WHITECLIFFE
Shelby,Fisher,50,Christchurch,,Shelby.Fisher@lecturer.whitecliffe.ac.nz,SheFis_WHITECLIFFE
Andrew,Nguyen,28,Auckland,,Andrew.Nguyen@lecturer.whitecliffe.ac.nz,AndNgu_WHITECLIFFE
Trevor,Orozco,46,Hamilton,,Trevor.Orozco@lecturer.whitecliffe.ac.nz,TreOro_WHITECLIFFE
John,Leonard,48,Christchurch,,John.Leonard@lecturer.whitecliffe.ac.nz,JohLeo_WHITECLIFFE
Heidi,Morris,37,Auckland,,Heidi.Morris@lecturer.whitecliffe.ac.nz,HeiMor_WHITECLIFFE
Jessica,Delgado,48,Hamilton,,Jessica.Delgado@lecturer.whitecliffe.ac.nz,JesDel_WHITECLIFFE
Robert,Barajas,36,Auckland,,Robert.Barajas@lecturer.whitecliffe.ac.nz,RobBar_WHITECLIFFE
Catherine,Kim,41,Hamilton,,Catherine.Kim@lecturer.whitecliffe.ac.nz,CatKim_WHITECLIFFE
Brittney,Le,30,Christchurch,,Brittney.Le@lecturer.whitecliffe.ac.nz,BriLe_WHITECLIFFE
David,Phelps,33,Wellington,,David.Phelps@lecturer.whitecliffe.ac.nz,DavPhe_WHITECLIFFE
Kenneth,Steele,47,Christchurch,,Kenneth.Steele@lecturer.whitecliffe.ac.nz,KenSte_WHITECLIFFE
Patricia,Freeman,20,Hamilton,,Patricia.Freeman@lecturer.whitecliffe.ac.nz,PatFre_WHITECLIFFE
Jennifer,Gallegos,32,Christchurch,,Jennifer.Gallegos@lecturer.whitecliffe.ac.nz,JenGal_WHITECLIFFE
Michael,Anderson,42,Wellington,,Michael.Anderson@lecturer.whitecliffe.ac.nz,MicAnd_WHITECLIFFE
David,House,31,Auckland,,David.House@lecturer.whitecliffe.ac.nz,DavHou_WHITECLIFFE
Kaylee,Bishop,35,Christchurch,,Kaylee.Bishop@lecturer.whitecliffe.ac.nz,KayBis_WHITECLIFFE
Jodi,Berger,28,Auckland,,Jodi.Berger@lecturer.whitecliffe.ac.nz,JodBer_WHITECLIFFE
Jennifer,Rogers,43,Dunedin,,Jennifer.Rogers@lecturer.whitecliffe.ac.nz,JenRog_WHITECLIFFE
Jonathan,Stafford,35,Christchurch,,Jonathan.Stafford@lecturer.whitecliffe.ac.nz,JonSta_WHITECLIFFE
Barbara,Parker,50,Hamilton,,Barbara.Parker@lecturer.whitecliffe.ac.nz,BarPar_WHITECLIFFE
Thomas,Gordon,40,Christchurch,,Thomas.Gordon@lecturer.whitecliffe.ac.nz,ThoGor_WHITECLIFFE
Austin,Jones,24,Dunedin,,Austin.Jones@lecturer.whitecliffe.ac.nz,AusJon_WHITECLIFFE
Rebecca,Knight,24,Hamilton,,Rebecca.Knight@lecturer.whitecliffe.ac.nz,RebKni_WHITECLIFFE
William,Cox,46,Hamilton,,William.Cox@lecturer.whitecliffe.ac.nz,WilCox_WHITECLIFFE
Darlene,Gonzalez,27,Wellington,,Darlene.Gonzalez@lecturer.whitecliffe.ac.nz,DarGon_WHITECLIFFE
Gina,Lindsey,34,Auckland,,Gina.Lindsey@lecturer.whitecliffe.ac.nz,GinLin_WHITECLIFFE
Christopher,Wood,37,Hamilton,,Christopher.Wood@lecturer.whitecliffe.ac.nz,ChrWoo_WHITECLIFFE
Jennifer,Lucero,50,Auckland,,Jennifer.Lucero@lecturer.whitecliffe.ac.nz,JenLuc_WHITECLIFFE
James,Jones,50,Dunedin,,James.Jones@lecturer.whitecliffe.ac.nz,JamJon_WHITECLIFFE
Nathaniel,Cannon,20,Hamilton,,Nathaniel.Cannon@lecturer.whitecliffe.ac.nz,NatCan_WHITECLIFFE
Taylor,Tucker,34,Auckland,,Taylor.Tucker@lecturer.whitecliffe.ac.nz,TayTuc_WHITECLIFFE
Mike,Mccarthy,35,Auckland,,Mike.Mccarthy@lecturer.whitecliffe.ac.nz,MikMcc_WHITECLIFFE
Jose,Lee,38,Wellington,,Jose.Lee@lecturer.whitecliffe.ac.nz,JosLee_WHITECLIFFE
Sonya,Briggs,41,Wellington,,Sonya.Briggs@lecturer.whitecliffe.ac.nz,SonBri_WHITECLIFFE
Paul,Stokes,46,Hamilton,,Paul.Stokes@lecturer.whitecliffe.ac.nz,PauSto_WHITECLIFFE
Jasmine,Carter,43,Hamilton,,Jasmine.Carter@lecturer.whitecliffe.ac.nz,JasCar_WHITECLIFFE
Amber,Drake,46,Hamilton,,Amber.Drake@lecturer.whitecliffe.ac.nz,AmbDra_WHITECLIFFE
Anthony,Young,49,Wellington,,Anthony.Young@lecturer.whitecliffe.ac.nz,AntYou_WHITECLIFFE
Crystal,Mora,39,Dunedin,,Crystal.Mora@lecturer.whitecliffe.ac.nz,CryMor_WHITECLIFFE
Cynthia,Wilson,24,Hamilton,,Cynthia.Wilson@lecturer.whitecliffe.ac.nz,CynWil_WHITECLIFFE
Kayla,Hill,49,Hamilton,,Kayla.Hill@lecturer.whitecliffe.ac.nz,KayHil_WHITECLIFFE
Ruth,Hammond,40,Auckland,,Ruth.Hammond@lecturer.whitecliffe.ac.nz,RutHam_WHITECLIFFE
Dominique,Mcmillan,47,Dunedin,,Dominique.Mcmillan@lecturer.whitecliffe.ac.nz,DomMcm_WHITECLIFFE
Thomas,Donovan,21,Auckland,,Thomas.Donovan@lecturer.whitecliffe.ac.nz,ThoDon_WHITECLIFFE
Donald,Armstrong,31,Christchurch,,Donald.Armstrong@lecturer.whitecliffe.ac.nz,DonArm_WHITECLIFFE
Brianna,Frank,49,Hamilton,,Brianna.Frank@lecturer.whitecliffe.ac.nz,BriFra_WHITECLIFFE
Joshua,Chavez,32,Christchurch,,Joshua.Chavez@lecturer.whitecliffe.ac.nz,JosCha_WHITECLIFFE
Anthony,Maynard,24,Auckland,,Anthony.Maynard@lecturer.whitecliffe.ac.nz,AntMay_WHITECLIFFE
Kimberly,Barrett,37,Dunedin,,Kimberly.Barrett@lecturer.whitecliffe.ac.nz,KimBar_WHITECLIFFE
Meredith,Smith,47,Wellington,,Meredith.Smith@lecturer.whitecliffe.ac.nz,MerSmi_WHITECLIFFE
Thomas,Ferrell,49,Auckland,,Thomas.Ferrell@lecturer.whitecliffe.ac.nz,ThoFer_WHITECLIFFE
Ralph,Thomas,51,Dunedin,,Ralph.Thomas@lecturer.whitecliffe.ac.nz,RalTho_WHITECLIFFE
Robert,Montgomery,20,Hamilton,,Robert.Montgomery@lecturer.whitecliffe.ac.nz,RobMon_WHITECLIFFE
Cynthia,Hinton,45,Christchurch,,Cynthia.Hinton@lecturer.whitecliffe.ac.nz,CynHin_WHITECLIFFE
James,Lucas,61,Hamilton,,James.Lucas@lecturer.whitecliffe.ac.nz,JamLuc_WHITECLIFFE
Paula,Johnson,38,Christchurch,,Paula.Johnson@lecturer.whitecliffe.ac.nz,PauJoh_WHITECLIFFE
Randy,Wilson,53,Auckland,,Randy.Wilson@lecturer.whitecliffe.ac.nz,RanWil_WHITECLIFFE
Scott,Caldwell,21,Wellington,,Scott.Caldwell@lecturer.whitecliffe.ac.nz,ScoCal_WHITECLIFFE
Mark,Kelly,45,Hamilton,,Mark.Kelly@lecturer.whitecliffe.ac.nz,MarKel_WHITECLIFFE
Anthony,Edwards,44,Christchurch,,Anthony.Edwards@lecturer.whitecliffe.ac.nz,AntEdw_WHITECLIFFE
Melissa,Marquez,24,Dunedin,,Melissa.Marquez@lecturer.whitecliffe.ac.nz,MelMar_WHITECLIFFE
Janet,Johnson,56,Christchurch,,Janet.Johnson@lecturer.whitecliffe.ac.nz,JanJoh_WHITECLIFFE
Christopher,Moore,47,Wellington,,Christopher.Moore@lecturer.whitecliffe.ac.nz,ChrMoo_WHITECLIFFE
Julia,Yang,34,Hamilton,,Julia.Yang@lecturer.whitecliffe.ac.nz,JulYan_WHITECLIFFE
Pamela,Spencer,45,Christchurch,,Pamela.Spencer@lecturer.whitecliffe.ac.nz,PamSpe_WHITECLIFFE
Michael,Soto,24,Christchurch,,Michael.Soto@lecturer.whitecliffe.ac.nz,MicSot_WHITECLIFFE
Nathaniel,Ford,40,Hamilton,,Nathaniel.Ford@lecturer.whitecliffe.ac.nz,NatFor_WHITECLIFFE
Bethany,Walton,50,Wellington,,Bethany.Walton@lecturer.whitecliffe.ac.nz,BetWal_WHITECLIFFE
David,Franklin,42,Hamilton,,David.Franklin@lecturer.whitecliffe.ac.nz,DavFra_WHITECLIFFE
Michael,Prince,30,Dunedin,,Michael.Prince@lecturer.whitecliffe.ac.nz,MicPri_WHITECLIFFE
Sarah,Mcgee,23,Christchurch,,Sarah.Mcgee@lecturer.whitecliffe.ac.nz,SarMcg_WHITECLIFFE
Christie,Gibson,32,Hamilton,,Christie.Gibson@lecturer.whitecliffe.ac.nz,ChrGib_WHITECLIFFE
Erin,Acosta,47,Auckland,,Erin.Acosta@lecturer.whitecliffe.ac.nz,EriAco_WHITECLIFFE
Steven,Sanchez,43,Wellington,,Steven.Sanchez@lecturer.whitecliffe.ac.nz,SteSan_WHITECLIFFE
Edward,Espinoza,39,Christchurch,,Edward.Espinoza@lecturer.whitecliffe.ac.nz,EdwEsp_WHITECLIFFE
Dawn,Williamson,50,Auckland,,Dawn.Williamson@lecturer.whitecliffe.ac.nz,DawWil_WHITECLIFFE
Cory,Cervantes,49,Auckland,,Cory.Cervantes@lecturer.whitecliffe.ac.nz,CorCer_WHITECLIFFE
Carol,Schultz,32,Auckland,,Carol.Schultz@lecturer.whitecliffe.ac.nz,CarSch_WHITECLIFFE
Brandon,Castro,20,Auckland,,Brandon.Castro@lecturer.whitecliffe.ac.nz,BraCas_WHITECLIFFE
Jerome,Hansen,48,Wellington,,Jerome.Hansen@lecturer.whitecliffe.ac.nz,JerHan_WHITECLIFFE
Stephanie,Thompson,44,Wellington,,Stephanie.Thompson@lecturer.whitecliffe.ac.nz,SteTho_WHITECLIFFE
Ryan,Joseph,22,Auckland,,Ryan.Joseph@lecturer.whitecliffe.ac.nz,RyaJos_WHITECLIFFE
Roger,Moore,26,Auckland,,Roger.Moore@lecturer.whitecliffe.ac.nz,RogMoo_WHITECLIFFE
William,Manning,56,Auckland,,William.Manning@lecturer.whitecliffe.ac.nz,WilMan_WHITECLIFFE
Kelly,Parks,30,Hamilton,,Kelly.Parks@lecturer.whitecliffe.ac.nz,KelPar_WHITECLIFFE
Joshua,Snyder,43,Hamilton,,Joshua.Snyder@lecturer.whitecliffe.ac.nz,JosSny_WHITECLIFFE
Lawrence,Gilmore,30,Christchurch,,Lawrence.Gilmore@lecturer.whitecliffe.ac.nz,LawGil_WHITECLIFFE
Elizabeth,Green,22,Auckland,,Elizabeth.Green@lecturer.whitecliffe.ac.nz,EliGre_WHITECLIFFE
Robert,Martinez,53,Dunedin,,Robert.Martinez@lecturer.whitecliffe.ac.nz,RobMar_WHITECLIFFE
Martha,Farrell,38,Wellington,,Martha.Farrell@lecturer.whitecliffe.ac.nz,MarFar_WHITECLIFFE
Lauren,Oconnell,26,Christchurch,,Lauren.Oconnell@lecturer.whitecliffe.ac.nz,LauOco_WHITECLIFFE
Ryan,Mccarty,24,Christchurch,,Ryan.Mccarty@lecturer.whitecliffe.ac.nz,RyaMcc_WHITECLIFFE
Michelle,Campbell,49,Wellington,,Michelle.Campbell@lecturer.whitecliffe.ac.nz,MicCam_WHITECLIFFE
Ariana,Jenkins,31,Auckland,,Ariana.Jenkins@lecturer.whitecliffe.ac.nz,AriJen_WHITECLIFFE
Jerry,Torres,30,Auckland,,Jerry.Torres@lecturer.whitecliffe.ac.nz,JerTor_WHITECLIFFE
Brenda,Mays,23,Auckland,,Brenda.Mays@lecturer.whitecliffe.ac.nz,BreMay_WHITECLIFFE
Daniel,Blair,43,Hamilton,,Daniel.Blair@lecturer.whitecliffe.ac.nz,DanBla_WHITECLIFFE
Monica,Sims,20,Auckland,,Monica.Sims@lecturer.whitecliffe.ac.nz,MonSim_WHITECLIFFE
Benjamin,Miller,35,Christchurch,,Benjamin.Miller@lecturer.whitecliffe.ac.nz,BenMil_WHITECLIFFE
Shane,Jones,46,Auckland,,Shane.Jones@lecturer.whitecliffe.ac.nz,ShaJon_WHITECLIFFE
Laura,Russell,53,Auckland,,Laura.Russell@lecturer.whitecliffe.ac.nz,LauRus_WHITECLIFFE
Philip,Lawson,35,Wellington,,Philip.Lawson@lecturer.whitecliffe.ac.nz,PhiLaw_WHITECLIFFE
Devin,Burton,42,Auckland,,Devin.Burton@lecturer.whitecliffe.ac.nz,DevBur_WHITECLIFFE
Jennifer,Lopez,62,Auckland,,Jennifer.Lopez@lecturer.whitecliffe.ac.nz,JenLop_WHITECLIFFE
Christopher,Wilcox,30,Hamilton,,Christopher.Wilcox@lecturer.whitecliffe.ac.nz,ChrWil_WHITECLIFFE
Shelley,Harris,51,Wellington,,Shelley.Harris@lecturer.whitecliffe.ac.nz,SheHar_WHITECLIFFE
Nancy,Jefferson,45,Wellington,,Nancy.Jefferson@lecturer.whitecliffe.ac.nz,NanJef_WHITECLIFFE
Melanie,Pham,63,Auckland,,Melanie.Pham@lecturer.whitecliffe.ac.nz,MelPha_WHITECLIFFE
Noah,Moore,22,Wellington,,Noah.Moore@lecturer.whitecliffe.ac.nz,NoaMoo_WHITECLIFFE
Alexis,Shields,54,Dunedin,,Alexis.Shields@lecturer.whitecliffe.ac.nz,AleShi_WHITECLIFFE
Stephanie,Hendrix,50,Auckland,,Stephanie.Hendrix@lecturer.whitecliffe.ac.nz,SteHen_WHITECLIFFE
Tracy,Nelson,21,Hamilton,,Tracy.Nelson@lecturer.whitecliffe.ac.nz,TraNel_WHITECLIFFE
Jacob,Fuller,34,Wellington,,Jacob.Fuller@lecturer.whitecliffe.ac.nz,JacFul_WHITECLIFFE
Alyssa,Gomez,29,Wellington,,Alyssa.Gomez@lecturer.whitecliffe.ac.nz,AlyGom_WHITECLIFFE
Justin,Martinez,36,Hamilton,,Justin.Martinez@lecturer.whitecliffe.ac.nz,JusMar_WHITECLIFFE
Xavier,Carter,24,Christchurch,,Xavier.Carter@lecturer.whitecliffe.ac.nz,XavCar_WHITECLIFFE
Brianna,Chan,20,Wellington,,Brianna.Chan@lecturer.whitecliffe.ac.nz,BriCha_WHITECLIFFE
Donna,Hill,26,Auckland,,Donna.Hill@lecturer.whitecliffe.ac.nz,DonHil_WHITECLIFFE
Kristen,Johnson,40,Wellington,,Kristen.Johnson@lecturer.whitecliffe.ac.nz,KriJoh_WHITECLIFFE
Susan,Cantu,37,Christchurch,,Susan.Cantu@lecturer.whitecliffe.ac.nz,SusCan_WHITECLIFFE
Christina,Holloway,55,Auckland,,Christina.Holloway@lecturer.whitecliffe.ac.nz,ChrHol_WHITECLIFFE
Arthur,Johnson,48,Hamilton,,Arthur.Johnson@lecturer.whitecliffe.ac.nz,ArtJoh_WHITECLIFFE
Logan,Bennett,41,Wellington,,Logan.Bennett@lecturer.whitecliffe.ac.nz,LogBen_WHITECLIFFE
Danielle,Silva,34,Hamilton,,Danielle.Silva@lecturer.whitecliffe.ac.nz,DanSil_WHITECLIFFE
Kristen,Young,36,Christchurch,,Kristen.Young@lecturer.whitecliffe.ac.nz,KriYou_WHITECLIFFE
Jay,Santos,48,Christchurch,,Jay.Santos@lecturer.whitecliffe.ac.nz,JaySan_WHITECLIFFE
Alexandria,Murray,21,Auckland,,Alexandria.Murray@lecturer.whitecliffe.ac.nz,AleMur_WHITECLIFFE
Erin,Tyler,49,Christchurch,,Erin.Tyler@lecturer.whitecliffe.ac.nz,EriTyl_WHITECLIFFE
Patrick,Haas,36,Christchurch,,Patrick.Haas@lecturer.whitecliffe.ac.nz,PatHaa_WHITECLIFFE
Misty,Graham,42,Auckland,,Misty.Graham@lecturer.whitecliffe.ac.nz,MisGra_WHITECLIFFE
Christine,Archer,56,Dunedin,,Christine.Archer@lecturer.whitecliffe.ac.nz,ChrArc_WHITECLIFFE
Ashley,Smith,49,Wellington,,Ashley.Smith@lecturer.whitecliffe.ac.nz,AshSmi_WHITECLIFFE
Stanley,Frederick,20,Wellington,,Stanley.Frederick@lecturer.whitecliffe.ac.nz,StaFre_WHITECLIFFE
Shawn,Nolan,23,Wellington,,Shawn.Nolan@lecturer.whitecliffe.ac.nz,ShaNol_WHITECLIFFE
Derek,Knox,53,Auckland,,Derek.Knox@lecturer.whitecliffe.ac.nz,DerKno_WHITECLIFFE
Tina,Huff,46,Dunedin,,Tina.Huff@lecturer.whitecliffe.ac.nz,TinHuf_WHITECLIFFE
Steven,Gross,42,Hamilton,,Steven.Gross@lecturer.whitecliffe.ac.nz,SteGro_WHITECLIFFE
William,Turner,30,Auckland,,William.Turner@lecturer.whitecliffe.ac.nz,WilTur_WHITECLIFFE
Reginald,Shah,41,Christchurch,,Reginald.Shah@lecturer.whitecliffe.ac.nz,RegSha_WHITECLIFFE
William,Robertson,45,Dunedin,,William.Robertson@lecturer.whitecliffe.ac.nz,WilRob_WHITECLIFFE
James,Adams,32,Auckland,,James.Adams@lecturer.whitecliffe.ac.nz,JamAda_WHITECLIFFE
Jessica,Luna,56,Auckland,,Jessica.Luna@lecturer.whitecliffe.ac.nz,JesLun_WHITECLIFFE
Nicholas,Brown,41,Auckland,,Nicholas.Brown@lecturer.whitecliffe.ac.nz,NicBro_WHITECLIFFE
Tiffany,Smith,46,Auckland,,Tiffany.Smith@lecturer.whitecliffe.ac.nz,TifSmi_WHITECLIFFE
Kathleen,Burns,43,Hamilton,,Kathleen.Burns@lecturer.whitecliffe.ac.nz,KatBur_WHITECLIFFE
Heidi,Rogers,38,Auckland,,Heidi.Rogers@lecturer.whitecliffe.ac.nz,HeiRog_WHITECLIFFE
Jason,Bowen,25,Hamilton,,Jason.Bowen@lecturer.whitecliffe.ac.nz,JasBow_WHITECLIFFE
Edward,Cherry,43,Hamilton,,Edward.Cherry@lecturer.whitecliffe.ac.nz,EdwChe_WHITECLIFFE
Ashley,Barton,44,Auckland,,Ashley.Barton@lecturer.whitecliffe.ac.nz,AshBar_WHITECLIFFE
Robert,Grant,38,Auckland,,Robert.Grant@lecturer.whitecliffe.ac.nz,RobGra_WHITECLIFFE
Andrew,Webster,37,Christchurch,,Andrew.Webster@lecturer.whitecliffe.ac.nz,AndWeb_WHITECLIFFE
Deborah,Black,58,Dunedin,,Deborah.Black@lecturer.whitecliffe.ac.nz,DebBla_WHITECLIFFE
Rachel,Olson,30,Christchurch,,Rachel.Olson@lecturer.whitecliffe.ac.nz,RacOls_WHITECLIFFE
Preston,Raymond,25,Christchurch,,Preston.Raymond@lecturer.whitecliffe.ac.nz,PreRay_WHITECLIFFE
Jessica,Griffin,28,Auckland,,Jessica.Griffin@lecturer.whitecliffe.ac.nz,JesGri_WHITECLIFFE
Elizabeth,Evans,49,Wellington,,Elizabeth.Evans@lecturer.whitecliffe.ac.nz,EliEva_WHITECLIFFE
Christine,Wolfe,20,Auckland,,Christine.Wolfe@lecturer.whitecliffe.ac.nz,ChrWol_WHITECLIFFE
Bobby,Meyer,20,Auckland,,Bobby.Meyer@lecturer.whitecliffe.ac.nz,BobMey_WHITECLIFFE
Jennifer,Oconnor,25,Dunedin,,Jennifer.Oconnor@lecturer.whitecliffe.ac.nz,JenOco_WHITECLIFFE
Troy,Webb,28,Hamilton,,Troy.Webb@lecturer.whitecliffe.ac.nz,TroWeb_WHITECLIFFE
Bryan,Beltran,44,Christchurch,,Bryan.Beltran@lecturer.whitecliffe.ac.nz,BryBel_WHITECLIFFE
Karla,Holt,34,Wellington,,Karla.Holt@lecturer.whitecliffe.ac.nz,KarHol_WHITECLIFFE
Beth,Scott,24,Auckland,,Beth.Scott@lecturer.whitecliffe.ac.nz,BetSco_WHITECLIFFE
Crystal,Morris,61,Dunedin,,Crystal.Morris@lecturer.whitecliffe.ac.nz,CryMor_WHITECLIFFE
John,Hamilton,56,Auckland,,John.Hamilton@lecturer.whitecliffe.ac.nz,JohHam_WHITECLIFFE
Ryan,Moreno,43,Hamilton,,Ryan.Moreno@lecturer.whitecliffe.ac.nz,RyaMor_WHITECLIFFE
Joshua,Perry,40,Wellington,,Joshua.Perry@lecturer.whitecliffe.ac.nz,JosPer_WHITECLIFFE
Ronald,Stevenson,37,Auckland,,Ronald.Stevenson@lecturer.whitecliffe.ac.nz,RonSte_WHITECLIFFE
Joseph,Dyer,46,Wellington,,Joseph.Dyer@lecturer.whitecliffe.ac.nz,JosDye_WHITECLIFFE
Janice,Davis,39,Auckland,,Janice.Davis@lecturer.whitecliffe.ac.nz,JanDav_WHITECLIFFE
Willie,Miller,45,Hamilton,,Willie.Miller@lecturer.whitecliffe.ac.nz,WilMil_WHITECLIFFE
Joseph,Garza,44,Wellington,,Joseph.Garza@lecturer.whitecliffe.ac.nz,JosGar_WHITECLIFFE
Rodney,Roberts,38,Auckland,,Rodney.Roberts@lecturer.whitecliffe.ac.nz,RodRob_WHITECLIFFE
Jason,Miller,32,Wellington,,Jason.Miller@lecturer.whitecliffe.ac.nz,JasMil_WHITECLIFFE
Luke,Greer,46,Wellington,,Luke.Greer@lecturer.whitecliffe.ac.nz,LukGre_WHITECLIFFE
Robert,Lee,27,Wellington,,Robert.Lee@lecturer.whitecliffe.ac.nz,RobLee_WHITECLIFFE
Ricky,Spencer,33,Wellington,,Ricky.Spencer@lecturer.whitecliffe.ac.nz,RicSpe_WHITECLIFFE
Maurice,Richardson,22,Hamilton,,Maurice.Richardson@lecturer.whitecliffe.ac.nz,MauRic_WHITECLIFFE
Debra,Whitehead,24,Christchurch,,Debra.Whitehead@lecturer.whitecliffe.ac.nz,DebWhi_WHITECLIFFE
Bill,Lopez,23,Auckland,,Bill.Lopez@lecturer.whitecliffe.ac.nz,BilLop_WHITECLIFFE
Carol,Frost,24,Hamilton,,Carol.Frost@lecturer.whitecliffe.ac.nz,CarFro_WHITECLIFFE
Douglas,Brooks,23,Dunedin,,Douglas.Brooks@lecturer.whitecliffe.ac.nz,DouBro_WHITECLIFFE
Heather,Smith,39,Dunedin,,Heather.Smith@lecturer.whitecliffe.ac.nz,HeaSmi_WHITECLIFFE
Robert,Olson,43,Christchurch,,Robert.Olson@lecturer.whitecliffe.ac.nz,RobOls_WHITECLIFFE
Jennifer,Walker,49,Auckland,,Jennifer.Walker@lecturer.whitecliffe.ac.nz,JenWal_WHITECLIFFE
Jared,Dominguez,38,Auckland,,Jared.Dominguez@lecturer.whitecliffe.ac.nz,JarDom_WHITECLIFFE
Miguel,Goodman,58,Christchurch,,Miguel.Goodman@lecturer.whitecliffe.ac.nz,MigGoo_WHITECLIFFE
Tamara,Jackson,48,Auckland,,Tamara.Jackson@lecturer.whitecliffe.ac.nz,TamJac_WHITECLIFFE
David,Hall,40,Christchurch,,David.Hall@lecturer.whitecliffe.ac.nz,DavHal_WHITECLIFFE
Sarah,Gibson,29,Auckland,,Sarah.Gibson@lecturer.whitecliffe.ac.nz,SarGib_WHITECLIFFE
Ashley,Burke,43,Christchurch,,Ashley.Burke@lecturer.whitecliffe.ac.nz,AshBur_WHITECLIFFE
Isaiah,Lopez,24,Hamilton,,Isaiah.Lopez@lecturer.whitecliffe.ac.nz,IsaLop_WHITECLIFFE
Rhonda,Thomas,33,Wellington,,Rhonda.Thomas@lecturer.whitecliffe.ac.nz,RhoTho_WHITECLIFFE
Kathy,Huang,62,Christchurch,,Kathy.Huang@lecturer.whitecliffe.ac.nz,KatHua_WHITECLIFFE
Sharon,Graves,55,Auckland,,Sharon.Graves@lecturer.whitecliffe.ac.nz,ShaGra_WHITECLIFFE
Carlos,Guerrero,47,Wellington,,Carlos.Guerrero@lecturer.whitecliffe.ac.nz,CarGue_WHITECLIFFE
Spencer,Scott,43,Wellington,,Spencer.Scott@lecturer.whitecliffe.ac.nz,SpeSco_WHITECLIFFE
Joseph,Hammond,25,Hamilton,,Joseph.Hammond@lecturer.whitecliffe.ac.nz,JosHam_WHITECLIFFE
Andrea,Reid,39,Auckland,,Andrea.Reid@lecturer.whitecliffe.ac.nz,AndRei_WHITECLIFFE
Robert,Herrera,43,Wellington,,Robert.Herrera@lecturer.whitecliffe.ac.nz,RobHer_WHITECLIFFE
Michael,Lopez,46,Dunedin,,Michael.Lopez@lecturer.whitecliffe.ac.nz,MicLop_WHITECLIFFE
Alicia,Smith,21,Christchurch,,Alicia.Smith@lecturer.whitecliffe.ac.nz,AliSmi_WHITECLIFFE
Alicia,Snyder,45,Hamilton,,Alicia.Snyder@lecturer.whitecliffe.ac.nz,AliSny_WHITECLIFFE
Michelle,Kim,65,Christchurch,,Michelle.Kim@lecturer.whitecliffe.ac.nz,MicKim_WHITECLIFFE
Eric,Brown,31,Auckland,,Eric.Brown@lecturer.whitecliffe.ac.nz,EriBro_WHITECLIFFE
Anna,Murray,41,Wellington,,Anna.Murray@lecturer.whitecliffe.ac.nz,AnnMur_WHITECLIFFE
Jeremiah,Vega,20,Auckland,,Jeremiah.Vega@lecturer.whitecliffe.ac.nz,JerVeg_WHITECLIFFE
Jessica,Pruitt,62,Auckland,,Jessica.Pruitt@lecturer.whitecliffe.ac.nz,JesPru_WHITECLIFFE
Leslie,Vargas,28,Wellington,,Leslie.Vargas@lecturer.whitecliffe.ac.nz,LesVar_WHITECLIFFE
Brenda,Reynolds,25,Christchurch,,Brenda.Reynolds@lecturer.whitecliffe.ac.nz,BreRey_WHITECLIFFE
Andrew,Martin,35,Wellington,,Andrew.Martin@lecturer.whitecliffe.ac.nz,AndMar_WHITECLIFFE
Veronica,Gray,40,Christchurch,,Veronica.Gray@lecturer.whitecliffe.ac.nz,VerGra_WHITECLIFFE
Kristin,Baker,21,Hamilton,,Kristin.Baker@lecturer.whitecliffe.ac.nz,KriBak_WHITECLIFFE
Karen,Hart,40,Auckland,,Karen.Hart@lecturer.whitecliffe.ac.nz,KarHar_WHITECLIFFE
Jason,Bender,27,Auckland,,Jason.Bender@lecturer.whitecliffe.ac.nz,JasBen_WHITECLIFFE
Timothy,Rogers,25,Hamilton,,Timothy.Rogers@lecturer.whitecliffe.ac.nz,TimRog_WHITECLIFFE
Renee,Estrada,22,Wellington,,Renee.Estrada@lecturer.whitecliffe.ac.nz,RenEst_WHITECLIFFE
Laura,Velez,33,Dunedin,,Laura.Velez@lecturer.whitecliffe.ac.nz,LauVel_WHITECLIFFE
James,Waters,42,Hamilton,,James.Waters@lecturer.whitecliffe.ac.nz,JamWat_WHITECLIFFE
Gina,Griffin,39,Auckland,,Gina.Griffin@lecturer.whitecliffe.ac.nz,GinGri_WHITECLIFFE
Ashlee,Gomez,23,Hamilton,,Ashlee.Gomez@lecturer.whitecliffe.ac.nz,AshGom_WHITECLIFFE
Misty,Smith,51,Christchurch,,Misty.Smith@lecturer.whitecliffe.ac.nz,MisSmi_WHITECLIFFE
Aaron,Davis,23,Wellington,,Aaron.Davis@lecturer.whitecliffe.ac.nz,AarDav_WHITECLIFFE
Benjamin,Jones,63,Wellington,,Benjamin.Jones@lecturer.whitecliffe.ac.nz,BenJon_WHITECLIFFE
Samuel,Pruitt,49,Auckland,,Samuel.Pruitt@lecturer.whitecliffe.ac.nz,SamPru_WHITECLIFFE
Evan,Martin,45,Wellington,,Evan.Martin@lecturer.whitecliffe.ac.nz,EvaMar_WHITECLIFFE
Alexander,Harris,27,Auckland,,Alexander.Harris@lecturer.whitecliffe.ac.nz,AleHar_WHITECLIFFE
Mallory,Gray,54,Wellington,,Mallory.Gray@lecturer.whitecliffe.ac.nz,MalGra_WHITECLIFFE
Tony,Payne,30,Wellington,,Tony.Payne@lecturer.whitecliffe.ac.nz,TonPay_WHITECLIFFE
Scott,Dalton,36,Wellington,,Scott.Dalton@lecturer.whitecliffe.ac.nz,ScoDal_WHITECLIFFE
April,Tran,35,Dunedin,,April.Tran@lecturer.whitecliffe.ac.nz,AprTra_WHITECLIFFE
Caroline,Montgomery,26,Auckland,,Caroline.Montgomery@lecturer.whitecliffe.ac.nz,CarMon_WHITECLIFFE
Kevin,Myers,30,Auckland,,Kevin.Myers@lecturer.whitecliffe.ac.nz,KevMye_WHITECLIFFE
Peter,Salas,28,Wellington,,Peter.Salas@lecturer.whitecliffe.ac.nz,PetSal_WHITECLIFFE
Leah,Shea,21,Christchurch,,Leah.Shea@lecturer.whitecliffe.ac.nz,LeaShe_WHITECLIFFE
William,Ross,34,Dunedin,,William.Ross@lecturer.whitecliffe.ac.nz,WilRos_WHITECLIFFE
Brandon,Pham,32,Wellington,,Brandon.Pham@lecturer.whitecliffe.ac.nz,BraPha_WHITECLIFFE
Martha,White,30,Hamilton,,Martha.White@lecturer.whitecliffe.ac.nz,MarWhi_WHITECLIFFE
Scott,Perkins,56,Auckland,,Scott.Perkins@lecturer.whitecliffe.ac.nz,ScoPer_WHITECLIFFE
Charles,Chung,22,Hamilton,,Charles.Chung@lecturer.whitecliffe.ac.nz,ChaChu_WHITECLIFFE
Derrick,Howard,23,Wellington,,Derrick.Howard@lecturer.whitecliffe.ac.nz,DerHow_WHITECLIFFE
Danielle,Cochran,62,Wellington,,Danielle.Cochran@lecturer.whitecliffe.ac.nz,DanCoc_WHITECLIFFE
James,White,48,Wellington,,James.White@lecturer.whitecliffe.ac.nz,JamWhi_WHITECLIFFE
Erin,Norman,42,Christchurch,,Erin.Norman@lecturer.whitecliffe.ac.nz,EriNor_WHITECLIFFE
David,Williams,44,Christchurch,,David.Williams@lecturer.whitecliffe.ac.nz,DavWil_WHITECLIFFE
Heather,Campbell,23,Dunedin,,Heather.Campbell@lecturer.whitecliffe.ac.nz,HeaCam_WHITECLIFFE
Rachel,Ortiz,50,Auckland,,Rachel.Ortiz@lecturer.whitecliffe.ac.nz,RacOrt_WHITECLIFFE
Brian,Ray,33,Hamilton,,Brian.Ray@lecturer.whitecliffe.ac.nz,BriRay_WHITECLIFFE
Jonathan,Simpson,52,Christchurch,,Jonathan.Simpson@lecturer.whitecliffe.ac.nz,JonSim_WHITECLIFFE
Benjamin,Page,49,Auckland,,Benjamin.Page@lecturer.whitecliffe.ac.nz,BenPag_WHITECLIFFE
Rose,Benitez,23,Hamilton,,Rose.Benitez@lecturer.whitecliffe.ac.nz,RosBen_WHITECLIFFE
Kayla,Ramsey,49,Auckland,,Kayla.Ramsey@lecturer.whitecliffe.ac.nz,KayRam_WHITECLIFFE
Melanie,Mendez,37,Christchurch,,Melanie.Mendez@lecturer.whitecliffe.ac.nz,MelMen_WHITECLIFFE
Andres,Moore,44,Christchurch,,Andres.Moore@lecturer.whitecliffe.ac.nz,AndMoo_WHITECLIFFE
Mitchell,Anderson,36,Hamilton,,Mitchell.Anderson@lecturer.whitecliffe.ac.nz,MitAnd_WHITECLIFFE
Robert,Gonzalez,24,Hamilton,,Robert.Gonzalez@lecturer.whitecliffe.ac.nz,RobGon_WHITECLIFFE
Brian,Hernandez,28,Hamilton,,Brian.Hernandez@lecturer.whitecliffe.ac.nz,BriHer_WHITECLIFFE
Amanda,Bell,31,Christchurch,,Amanda.Bell@lecturer.whitecliffe.ac.nz,AmaBel_WHITECLIFFE
Susan,Jones,24,Auckland,,Susan.Jones@lecturer.whitecliffe.ac.nz,SusJon_WHITECLIFFE
Yvonne,Ramos,25,Auckland,,Yvonne.Ramos@lecturer.whitecliffe.ac.nz,YvoRam_WHITECLIFFE
Michael,Rowland,38,Auckland,,Michael.Rowland@lecturer.whitecliffe.ac.nz,MicRow_WHITECLIFFE
Travis,Little,24,Hamilton,,Travis.Little@lecturer.whitecliffe.ac.nz,TraLit_WHITECLIFFE
Rachel,Salinas,43,Christchurch,,Rachel.Salinas@lecturer.whitecliffe.ac.nz,RacSal_WHITECLIFFE
Krystal,Anderson,33,Hamilton,,Krystal.Anderson@lecturer.whitecliffe.ac.nz,KryAnd_WHITECLIFFE
Bobby,Roberts,22,Hamilton,,Bobby.Roberts@lecturer.whitecliffe.ac.nz,BobRob_WHITECLIFFE
Anna,Morgan,34,Wellington,,Anna.Morgan@lecturer.whitecliffe.ac.nz,AnnMor_WHITECLIFFE
Anna,Watson,40,Christchurch,,Anna.Watson@lecturer.whitecliffe.ac.nz,AnnWat_WHITECLIFFE
Robert,Martinez,43,Christchurch,,Robert.Martinez@lecturer.whitecliffe.ac.nz,RobMar_WHITECLIFFE
Justin,Roberts,27,Wellington,,Justin.Roberts@lecturer.whitecliffe.ac.nz,JusRob_WHITECLIFFE
Kimberly,Anderson,44,Auckland,,Kimberly.Anderson@lecturer.whitecliffe.ac.nz,KimAnd_WHITECLIFFE
Leonard,Walton,58,Wellington,,Leonard.Walton@lecturer.whitecliffe.ac.nz,LeoWal_WHITECLIFFE
Julie,Hernandez,30,Christchurch,,Julie.Hernandez@lecturer.whitecliffe.ac.nz,JulHer_WHITECLIFFE
Courtney,Green,25,Wellington,,Courtney.Green@lecturer.whitecliffe.ac.nz,CouGre_WHITECLIFFE
Victoria,Taylor,37,Auckland,,Victoria.Taylor@lecturer.whitecliffe.ac.nz,VicTay_WHITECLIFFE
Scott,Martin,45,Christchurch,,Scott.Martin@lecturer.whitecliffe.ac.nz,ScoMar_WHITECLIFFE
Kelli,Simmons,41,Wellington,,Kelli.Simmons@lecturer.whitecliffe.ac.nz,KelSim_WHITECLIFFE
Crystal,Pruitt,22,Christchurch,,Crystal.Pruitt@lecturer.whitecliffe.ac.nz,CryPru_WHITECLIFFE
Katrina,Garcia,45,Christchurch,,Katrina.Garcia@lecturer.whitecliffe.ac.nz,KatGar_WHITECLIFFE
Lindsay,Kennedy,37,Auckland,,Lindsay.Kennedy@lecturer.whitecliffe.ac.nz,LinKen_WHITECLIFFE
Andrea,Craig,33,Auckland,,Andrea.Craig@lecturer.whitecliffe.ac.nz,AndCra_WHITECLIFFE
Laura,Ellis,56,Hamilton,,Laura.Ellis@lecturer.whitecliffe.ac.nz,LauEll_WHITECLIFFE
Michael,Wyatt,29,Wellington,,Michael.Wyatt@lecturer.whitecliffe.ac.nz,MicWya_WHITECLIFFE
Laura,Vargas,63,Auckland,,Laura.Vargas@lecturer.whitecliffe.ac.nz,LauVar_WHITECLIFFE
Kendra,Pugh,33,Hamilton,,Kendra.Pugh@lecturer.whitecliffe.ac.nz,KenPug_WHITECLIFFE
Brandon,Bailey,26,Auckland,,Brandon.Bailey@lecturer.whitecliffe.ac.nz,BraBai_WHITECLIFFE
James,Conway,44,Auckland,,James.Conway@lecturer.whitecliffe.ac.nz,JamCon_WHITECLIFFE
Zoe,Mccoy,46,Dunedin,,Zoe.Mccoy@lecturer.whitecliffe.ac.nz,ZoeMcc_WHITECLIFFE
Stephen,Hughes,40,Dunedin,,Stephen.Hughes@lecturer.whitecliffe.ac.nz,SteHug_WHITECLIFFE
Robert,Mueller,49,Dunedin,,Robert.Mueller@lecturer.whitecliffe.ac.nz,RobMue_WHITECLIFFE
Patrick,Soto,44,Christchurch,,Patrick.Soto@lecturer.whitecliffe.ac.nz,PatSot_WHITECLIFFE
Scott,Douglas,51,Hamilton,,Scott.Douglas@lecturer.whitecliffe.ac.nz,ScoDou_WHITECLIFFE
Cynthia,Ochoa,27,Christchurch,,Cynthia.Ochoa@lecturer.whitecliffe.ac.nz,CynOch_WHITECLIFFE
Kenneth,Duncan,43,Dunedin,,Kenneth.Duncan@lecturer.whitecliffe.ac.nz,KenDun_WHITECLIFFE
Tristan,Cox,23,Auckland,,Tristan.Cox@lecturer.whitecliffe.ac.nz,TriCox_WHITECLIFFE
Anne,Whitaker,41,Wellington,,Anne.Whitaker@lecturer.whitecliffe.ac.nz,AnnWhi_WHITECLIFFE
Evan,Allen,39,Hamilton,,Evan.Allen@lecturer.whitecliffe.ac.nz,EvaAll_WHITECLIFFE
Sara,Williams,46,Auckland,,Sara.Williams@lecturer.whitecliffe.ac.nz,SarWil_WHITECLIFFE
Laurie,Barry,20,Wellington,,Laurie.Barry@lecturer.whitecliffe.ac.nz,LauBar_WHITECLIFFE
Keith,Wagner,26,Hamilton,,Keith.Wagner@lecturer.whitecliffe.ac.nz,KeiWag_WHITECLIFFE
Ricardo,Hopkins,30,Hamilton,,Ricardo.Hopkins@lecturer.whitecliffe.ac.nz,RicHop_WHITECLIFFE
Greg,Lester,48,Auckland,,Greg.Lester@lecturer.whitecliffe.ac.nz,GreLes_WHITECLIFFE
Margaret,Contreras,30,Wellington,,Margaret.Contreras@lecturer.whitecliffe.ac.nz,MarCon_WHITECLIFFE
Sarah,Wallace,28,Wellington,,Sarah.Wallace@lecturer.whitecliffe.ac.nz,SarWal_WHITECLIFFE
Brian,Foster,30,Auckland,,Brian.Foster@lecturer.whitecliffe.ac.nz,BriFos_WHITECLIFFE
Catherine,Richardson,48,Wellington,,Catherine.Richardson@lecturer.whitecliffe.ac.nz,CatRic_WHITECLIFFE
Amy,Coleman,26,Wellington,,Amy.Coleman@lecturer.whitecliffe.ac.nz,AmyCol_WHITECLIFFE
Rachel,Wade,65,Auckland,,Rachel.Wade@lecturer.whitecliffe.ac.nz,RacWad_WHITECLIFFE
Krystal,Roth,31,Wellington,,Krystal.Roth@lecturer.whitecliffe.ac.nz,KryRot_WHITECLIFFE
Lauren,Frazier,33,Wellington,,Lauren.Frazier@lecturer.whitecliffe.ac.nz,LauFra_WHITECLIFFE
Christopher,Snyder,42,Auckland,,Christopher.Snyder@lecturer.whitecliffe.ac.nz,ChrSny_WHITECLIFFE
James,Sullivan,29,Hamilton,,James.Sullivan@lecturer.whitecliffe.ac.nz,JamSul_WHITECLIFFE
Theresa,Edwards,33,Christchurch,,Theresa.Edwards@lecturer.whitecliffe.ac.nz,TheEdw_WHITECLIFFE
Brenda,Goodman,27,Christchurch,,Brenda.Goodman@lecturer.whitecliffe.ac.nz,BreGoo_WHITECLIFFE
Billy,Morgan,38,Wellington,,Billy.Morgan@lecturer.whitecliffe.ac.nz,BilMor_WHITECLIFFE
Lisa,Koch,36,Hamilton,,Lisa.Koch@lecturer.whitecliffe.ac.nz,LisKoc_WHITECLIFFE
Autumn,Bullock,27,Auckland,,Autumn.Bullock@lecturer.whitecliffe.ac.nz,AutBul_WHITECLIFFE
Breanna,Garner,38,Auckland,,Breanna.Garner@lecturer.whitecliffe.ac.nz,BreGar_WHITECLIFFE
Corey,Rios,49,Christchurch,,Corey.Rios@lecturer.whitecliffe.ac.nz,CorRio_WHITECLIFFE
Gloria,Johnson,31,Wellington,,Gloria.Johnson@lecturer.whitecliffe.ac.nz,GloJoh_WHITECLIFFE
Ryan,Elliott,58,Wellington,,Ryan.Elliott@lecturer.whitecliffe.ac.nz,RyaEll_WHITECLIFFE
Joshua,Vance,31,Christchurch,,Joshua.Vance@lecturer.whitecliffe.ac.nz,JosVan_WHITECLIFFE
Christopher,Aguilar,21,Auckland,,Christopher.Aguilar@lecturer.whitecliffe.ac.nz,ChrAgu_WHITECLIFFE
Christine,King,20,Dunedin,,Christine.King@lecturer.whitecliffe.ac.nz,ChrKin_WHITECLIFFE
James,Elliott,37,Dunedin,,James.Elliott@lecturer.whitecliffe.ac.nz,JamEll_WHITECLIFFE
Brandon,Charles,26,Auckland,,Brandon.Charles@lecturer.whitecliffe.ac.nz,BraCha_WHITECLIFFE
William,Ortiz,28,Christchurch,,William.Ortiz@lecturer.whitecliffe.ac.nz,WilOrt_WHITECLIFFE
Audrey,Lee,44,Wellington,,Audrey.Lee@lecturer.whitecliffe.ac.nz,AudLee_WHITECLIFFE
Brandon,Chen,55,Wellington,,Brandon.Chen@lecturer.whitecliffe.ac.nz,BraChe_WHITECLIFFE
Corey,Stewart,47,Wellington,,Corey.Stewart@lecturer.whitecliffe.ac.nz,CorSte_WHITECLIFFE
John,Davis,24,Wellington,,John.Davis@lecturer.whitecliffe.ac.nz,JohDav_WHITECLIFFE
Amanda,Perry,30,Christchurch,,Amanda.Perry@lecturer.whitecliffe.ac.nz,AmaPer_WHITECLIFFE
Mark,Thomas,52,Christchurch,,Mark.Thomas@lecturer.whitecliffe.ac.nz,MarTho_WHITECLIFFE
Anthony,Arroyo,36,Wellington,,Anthony.Arroyo@lecturer.whitecliffe.ac.nz,AntArr_WHITECLIFFE
Evan,Haynes,50,Wellington,,Evan.Haynes@lecturer.whitecliffe.ac.nz,EvaHay_WHITECLIFFE
Jennifer,Jones,21,Wellington,,Jennifer.Jones@lecturer.whitecliffe.ac.nz,JenJon_WHITECLIFFE
Christina,Tran,39,Christchurch,,Christina.Tran@lecturer.whitecliffe.ac.nz,ChrTra_WHITECLIFFE
Heidi,Avery,47,Dunedin,,Heidi.Avery@lecturer.whitecliffe.ac.nz,HeiAve_WHITECLIFFE
Nicholas,Nielsen,26,Auckland,,Nicholas.Nielsen@lecturer.whitecliffe.ac.nz,NicNie_WHITECLIFFE
Lynn,Haynes,24,Wellington,,Lynn.Haynes@lecturer.whitecliffe.ac.nz,LynHay_WHITECLIFFE
Robert,Johnson,49,Dunedin,,Robert.Johnson@lecturer.whitecliffe.ac.nz,RobJoh_WHITECLIFFE
Betty,Garcia,30,Christchurch,,Betty.Garcia@lecturer.whitecliffe.ac.nz,BetGar_WHITECLIFFE
Melissa,Carrillo,42,Christchurch,,Melissa.Carrillo@lecturer.whitecliffe.ac.nz,MelCar_WHITECLIFFE
Justin,Jimenez,26,Wellington,,Justin.Jimenez@lecturer.whitecliffe.ac.nz,JusJim_WHITECLIFFE
Michael,Sullivan,35,Auckland,,Michael.Sullivan@lecturer.whitecliffe.ac.nz,MicSul_WHITECLIFFE
John,Kim,55,Auckland,,John.Kim@lecturer.whitecliffe.ac.nz,JohKim_WHITECLIFFE
Jay,Thomas,32,Dunedin,,Jay.Thomas@lecturer.whitecliffe.ac.nz,JayTho_WHITECLIFFE
Lisa,Martinez,36,Wellington,,Lisa.Martinez@lecturer.whitecliffe.ac.nz,LisMar_WHITECLIFFE
Steven,Pruitt,44,Wellington,,Steven.Pruitt@lecturer.whitecliffe.ac.nz,StePru_WHITECLIFFE
Thomas,Cole,45,Auckland,,Thomas.Cole@lecturer.whitecliffe.ac.nz,ThoCol_WHITECLIFFE
Stephanie,Carlson,33,Auckland,,Stephanie.Carlson@lecturer.whitecliffe.ac.nz,SteCar_WHITECLIFFE
Richard,Smith,36,Dunedin,,Richard.Smith@lecturer.whitecliffe.ac.nz,RicSmi_WHITECLIFFE
Timothy,Molina,28,Auckland,,Timothy.Molina@lecturer.whitecliffe.ac.nz,TimMol_WHITECLIFFE
David,Rose,36,Auckland,,David.Rose@lecturer.whitecliffe.ac.nz,DavRos_WHITECLIFFE
Bethany,Evans,44,Christchurch,,Bethany.Evans@lecturer.whitecliffe.ac.nz,BetEva_WHITECLIFFE
Francisco,Roth,40,Auckland,,Francisco.Roth@lecturer.whitecliffe.ac.nz,FraRot_WHITECLIFFE
Joel,Carson,20,Auckland,,Joel.Carson@lecturer.whitecliffe.ac.nz,JoeCar_WHITECLIFFE
Amanda,Hernandez,27,Auckland,,Amanda.Hernandez@lecturer.whitecliffe.ac.nz,AmaHer_WHITECLIFFE
Megan,Ingram,28,Hamilton,,Megan.Ingram@lecturer.whitecliffe.ac.nz,MegIng_WHITECLIFFE
Angela,Henry,31,Hamilton,,Angela.Henry@lecturer.whitecliffe.ac.nz,AngHen_WHITECLIFFE
Thomas,Diaz,28,Christchurch,,Thomas.Diaz@lecturer.whitecliffe.ac.nz,ThoDia_WHITECLIFFE
Amber,Mason,38,Hamilton,,Amber.Mason@lecturer.whitecliffe.ac.nz,AmbMas_WHITECLIFFE
Amanda,Barajas,21,Christchurch,,Amanda.Barajas@lecturer.whitecliffe.ac.nz,AmaBar_WHITECLIFFE
Karen,Phillips,31,Wellington,,Karen.Phillips@lecturer.whitecliffe.ac.nz,KarPhi_WHITECLIFFE
Stephanie,Townsend,48,Hamilton,,Stephanie.Townsend@lecturer.whitecliffe.ac.nz,SteTow_WHITECLIFFE
Ryan,Webster,41,Hamilton,,Ryan.Webster@lecturer.whitecliffe.ac.nz,RyaWeb_WHITECLIFFE
Olivia,Bass,25,Wellington,,Olivia.Bass@lecturer.whitecliffe.ac.nz,OliBas_WHITECLIFFE
Travis,Rogers,46,Hamilton,,Travis.Rogers@lecturer.whitecliffe.ac.nz,TraRog_WHITECLIFFE
Dillon,Russell,54,Wellington,,Dillon.Russell@lecturer.whitecliffe.ac.nz,DilRus_WHITECLIFFE
Scott,Reynolds,46,Auckland,,Scott.Reynolds@lecturer.whitecliffe.ac.nz,ScoRey_WHITECLIFFE
Cindy,Smith,25,Wellington,,Cindy.Smith@lecturer.whitecliffe.ac.nz,CinSmi_WHITECLIFFE
Thomas,Jones,27,Auckland,,Thomas.Jones@lecturer.whitecliffe.ac.nz,ThoJon_WHITECLIFFE
Michelle,Wilson,43,Auckland,,Michelle.Wilson@lecturer.whitecliffe.ac.nz,MicWil_WHITECLIFFE
Amber,Sheppard,39,Wellington,,Amber.Sheppard@lecturer.whitecliffe.ac.nz,AmbShe_WHITECLIFFE
Justin,Richards,20,Christchurch,,Justin.Richards@lecturer.whitecliffe.ac.nz,JusRic_WHITECLIFFE
Victoria,Ortiz,50,Dunedin,,Victoria.Ortiz@lecturer.whitecliffe.ac.nz,VicOrt_WHITECLIFFE
Ryan,Guzman,46,Hamilton,,Ryan.Guzman@lecturer.whitecliffe.ac.nz,RyaGuz_WHITECLIFFE
Autumn,Irwin,29,Hamilton,,Autumn.Irwin@lecturer.whitecliffe.ac.nz,AutIrw_WHITECLIFFE
Timothy,Olson,38,Hamilton,,Timothy.Olson@lecturer.whitecliffe.ac.nz,TimOls_WHITECLIFFE
Troy,Hubbard,63,Christchurch,,Troy.Hubbard@lecturer.whitecliffe.ac.nz,TroHub_WHITECLIFFE
Katie,Wade,33,Christchurch,,Katie.Wade@lecturer.whitecliffe.ac.nz,KatWad_WHITECLIFFE
